Banglish,Corrected
ajkei,ajke
ajker,ajke
ajkey,ajke
ajky,ajke
ajo,ajob
akahane,ekhane
akane,ekhane
ak,ek
akata,ekta
akbar,ekbar
akbare,ekbar
akbarey,ekbar
akbaro,ekbar
akber,ekbar
akbor,ekbar
akbr,ekbar
akdam,ekdom
akdin,ekdin
akdm,ekdom
akdmnijek,ekdom
akdom,ekdom
ake,eke
akei,eke
aker,eker
akh,ekhon
akhan,ekhon
akhanu,ekhon
akhn,ekhon
akhne,ekhon
akhno,ekhon
akhnpocket,ekhon
akhon,ekhon
akhone,ekhon
akhono,ekhon
akhun,ekhon
aki,eki
akintu,eki
akirokom,eki
akmatro,ekmatro
akn,ekhon
akno,ekhon
akon,ekhon
akono,ekhon
akorson,akorshon
aksathe,eksathe
aksomi,eksathe
akta,ekta
aktaie,ekta
aktao,ekta
akter,ekta
akth,ekta
akto,ektu
aktu,ektu
aktuo,ektu
aktw,ektu
alaka,elaka
alhamdulliah,alhamdulillah
alad,alada
aladar,alada
allaaaaaaaahhhh,allah
allah,allah
allaho,allah
allahor,allah
allahr,allah
allha,allah
almirahr,almari
alochonai,alochona
alur,alu
amaaar,amar
amadir,amader
amadr,amader
amago,amader
amaka,amake
amak,amake
amakeo,amake
amara,amra
amarao,amra
amaro,amar
amarro,amar
amay,amake
amazed,amaze
amazing,amaze
ambarir,apnara
amdar,amader
amder,amader
amdr,amader
ame,ami
amer,amar
americay,america
amgo,amader
amgu,amader
amie,ami
amii,ami
amiii,ami
amin,ameen
amito,ami
amk,amake
amkthik,amake
ammra,amra
ammu,amma
ammue,amma
ammur,amma
amn,emon
amne,emon
amni,emon
amnite,emon
amom,emon
amon,emon
amonoto,emon
amontai,emon
amr,amar
amrai,amra
amrao,amra
amrar,amra
amrato,amra
amrder,amader
amre,amake
amro,amar
amrr,amar
amther,amader
amy,amake
ana,ene
anacan,ene
anci,enechi
andar,anda
andhu,anda
ane,ene
anek,onek
anh,nah
ani,ene
anne,apni
anner,apnar
annoddo,anondo
ansos,ana
antir,aunty
anty,aunty
apanake,apni
apanara,apni
apaner,apni
apanke,apni
apn,apni
apna,apni
apnade,apni
apnader,apni
apnadr,apni
apnago,apni
apnak,apni
apnaka,apni
apnake,apni
apnakew,apni
apnaky,apni
apnar,apni
apnara,apni
apnarao,apni
apnare,apni
apnay,apni
apndr,apni
apne,apni
apner,apni
apnio,apni
apnk,apni
apnke,apni
apnki,apni
apnr,apni
apnre,apni
apny,apni
apo,apu
apoman,opoman
aponar,apnar
appi,apu
applied,apply
appointed,appoint
apps,app
appske,app
appu,apu
aprai,apni
apuke,apu
apumoni,apu
apunik,apu
apuonk,apu
apuore,apu
apur,apu
apurbo,opurbo
ara,era
arai,era
aramche,aram
arar,parar
areeeeh,areh
areeh,areh
areehh,areh
arekjon,arekjon
arekjner,arekjon
arekjonke,arekjon
arekta,arek
arekto,arek
arektu,arek
arlei,sarle
arom,emon
arokom,emon
asa,ache
asachi,asci
asan,ashen
asay,eshe
asaye,eshe
asb,asbe
asben,asbe
asbo,asbe
asca,asche
asce,asche
ascen,asche
ascha,asche
ascheeke,asche
aschi,asci
aschilo,asa
aschis,asa
asci,asa
ase,asa
ashbe,asbe
ashben,asbe
ashbena,asbena
ashce,asche
ashche,asche
ashcho,ascho
ashcos,ascho
ashe,aschi
ashece,asci
ashlei,asole
ashlm,aslam
ashlo,asche
ashob,esob
ashol,asole
ashole,asole
asholei,asole
asholy,asole
ashse,asche
ashteche,asteche
ashtese,asteche
ashtesi,asteche
ashun,asen
asi,achi
aske,ajke
asle,asa
aslei,asa
aslen,asa
asloei,asa
asona,aso
asothakle,aso
asov,aso
ass,asca
assa,asca
assagula,asca
assca,asca
ata,eta
atai,eta
atapattu,eta
atar,eta
atate,eta
ate,eta
ater,eta
atkai,atka
atkate,atka
ato,eto
atoco,othocho
atoi,eto
atota,eto
atotaw,eto
atr,etar
atto,eto
attto,eto
atttoi,eto
atu,eto
aunti,aunty
auntie,aunty
avab,ovab
avabe,ovab
avarage,average
avg,average
ayder,eder
aysob,eisob
ay,ai
aye,ai
ayyy,ai
baaaaal,bal
baaal,bal
baad,bad
baal,bal
baaler,bal
baalmark,bal
baah,bah
baap,bap
bab,bap
babar,baba
babare,baba
babe,baby
babtam,vaba
babty,vaba
babuder,babu
babur,babu
babyai,baby
bacca,baccha
baccain,baccha
baccar,baccha
baccara,baccha
bacchader,baccha
bacchagulir,baccha
bacchar,baccha
bacchara,baccha
bacchare,baccha
baccharepergant,baccha
bachai,bacha
bachaichebole,bacha
bachaichor,bacha
bachaite,bacha
bachara,bechara
bachcha,baccha
bachchader,baccha
bachha,baccha
bada,beda
badar,beda
badh,badha
badhay,badha
badhe,badha
badi,bedi
badir,bedi
bahh,bah
bahi,vai
bahire,bahir
bahirer,bahir
baiccain,baccha
baicchain,baccha
baicchar,baccha
baicha,baccha
baija,veje
bain,bainchod
bainchid,bainchod
bainchod,bainchod
bainchode,bainchod
bainchud,bainchod
baincod,bainchod
baincud,bainchod
bainsod,bainchod
bainsud,bainchod
bainxod,bainchod
bainxud,bainchod
baira,bair
baire,bair
bairer,bair
baittar,baitta
baiya,vaiya
baiyamoja,vaiya
baja,bajano
bajabo,bajano
bajai,bajano
bajaien,bajano
bajaivhaiamra,bajano
bajale,bajano
bajamu,bajano
bajan,bajano
bajano,bajano
bajare,bajano
bajay,bajano
baje,bajano
bajee,bajano
bajna,bajano
bajr,bazar
baki,baki
bakir,baki
bakita,baki
balar,bal
bana,banano
banaben,banano
banabo,banano
banache,banano
banai,banano
banaiba,banano
banaiche,banano
banaile,banano
banailen,banano
banailo,banano
banaise,banano
banaisen,banano
banaisilam,banano
banaiso,banano
banaite,banano
banaiya,banano
banale,banano
banan,banano
bananor,banano
banao,banano
banas,banano
banate,banano
banau,banano
banay,banano
banaya,banano
banayso,banano
banba,banano
bancd,banchod
banchud,banchod
bancud,banchod
bandobi,bandhobi
bandupe,bandhobi
bandorer,bandor
banga,vanga
bangaa,vanga
bangal,bengali
bangali,bengali
bangalider,bengali
bangeli,bengali
bangga,vanga
banggali,bengali
bangladedsh,bangladesh
banglades,bangladesh
bangladeshai,bangladesh
bangladeshar,bangladesh
bangladeshe,bangladesh
bangladesheidike,bangladesh
bangladesher,bangladesh
bangladeshi,bangladesh
bangladeshidermone,bangladesh
bangladeshka,bangladesh
bangladeshke,bangladesh
bangladeshr,bangladesh
bangladeshu,bangladesh
banglae,bangla
banglar,bangla
banglay,bangla
banhladesh,bangladesh
bania,banano
banicha,banano
banie,banano
baniya,banano
baniye,banano
baniyese,banano
banorer,banor
bapar,bepar
bapeder,bepar
baper,bepar
baperao,bepar
baperprojonon,bepar
baperta,bepar
bapper,bepar
baraaita,barano
barabatari,barano
barai,barano
baranor,barano
barao,barano
baray,barano
barbe,barano
bare,barano
barishailla,barishaila
barishaillah,barishaila
barshiallara,barishaila
barishilla,barishaila
bartache,barche
basai,basa
basar,basa
basat,basa
basay,basa
basha,basa
bashai,basa
bashar,basa
bashateo,basa
bashay,basa
bashetai,basa
bathe,betha
batpar,batpar
batparer,batpar
batpor,batpar
batrahalf,betterhalf
batrom,bathroom
batrume,bathroom
bav,vab
baze,baje
bazer,bazar
bboudi,boudi
bbu,babu
bby,babu
bcor,bosor
bcz,because
beauty,beautiful
beboshayera,bebosha
becuse,because
bebsha,bebosha
bebshai,bebosha
bebshayi,bebosha
bebostha,bebosha
bedia,bedai
bedolok,beda
beeyer,beer
behaia,behaya
behaiya,behaya
behave,behaya
beicca,beicha
beiccha,beicha
beissha,bessa
bejae,berai
belar,bela
belay,bela
benchod,bainchod
bepar,bepar
bepare,bepar
bepartao,bepar
bepod,bipod
berai,berano
beran,berano
berar,berano
berauabr,berano
beray,berano
beroi,berano
berie,berano
beriye,berano
beshir,besi
besibag,besi
besikaajer,besi
besirvag,besi
besiy,besi
bessaloy,bessa
bessha,bessa
besshaloy,bessa
bestu,besto
betao,beta
betar,beta
betay,beta
betir,beti
betire,beti
beyadob,beyadop
beyadobtor,beyadop
beyadp,beyadop
beye,bia
bhab,vab
bhabar,vabar
bhabci,vabci
bhabe,vabe
bhabee,vabe
bhabhi,vabhi
bhabi,vabi
bhabini,vabini
bhag,vag
bhai,vai
bhaia,vaia
bhaiapnara,vaiapnara
bhaii,vaii
bhaiya,vai
bhaiyar,vai
bhallage,vallage
bhallagena,vallagena
bhalo,valo
bhalobasha,valobasha
bhalobashai,valobasha
bhalobashar,valobasha
bhaloi,valo
bhaloii,valo
bhangte,vanga
bharot,varot
bhasa,vasa
bhasay,vasai
bhasha,vasha
bhat,vat
bhatar,vatar
bhatari,vatar
bhatt,vatt
bhavcis,vabcis
bhay,vai
bhodar,voda
bhoday,voda
bhondo,vondo
bhondu,Bondhu
bhoy,voy
bhuaiya,vuiya
bhuijah,bujha
bhuiya,voa
bhuiyan,vuiyan
bhuiyar,vuiyar
bhujsi,bujha
bhujtesi,bujha
bhul,vul
bhule,vul
bhuleyo,vul
bhut,vut
bhuut,vut
biadob,beadob
biadop,beadob
bicana,bichana
bicar,bichar
bicarok,bichar
bideshe,bidesh
bideshi,bidesh
binchot,bainchod
bisanar,bisana
bisanay,bisana
bissas,biswas
bisshas,biswas
bisshash,biswas
biya,bia
biyah,bia
biyar,bia
biye,bia
biyea,bia
biyekoro,bia
biyer,bia
biyete,bia
bkz,because
blbe,bola
blben,bola
blbetarceye,bola
blesenposhake,bola
blle,bola
bln,bola
blo,bola
blause,blouse
blse,bola
blsi,bola
blte,bola
bltecen,bola
blv,biswas
bndo,bondho
bobbs,boobs
bobs,boobs
bodar,voda
bodlabo,bodla
bodlan,bodla
bodlate,bodla
bodle,bodla
bodola,bodla
bodole,bodla
bodmais,bodmas
bodmash,bodmas
bodyr,body
bogole,bogol
bogoler,bogol
boilen,bola
boillen,bola
boilo,bola
boinei,boin
boinere,boin
boioshko,boyosko
boisa,bose
boisha,bose
boissa,bose
boiya,bose
bojano,bojhano
bojay,bojhano
boje,bojhano
bojha,bojhano
bojhar,bojhano
bojhate,bojhano
bojhe,bojhano
bojhenijer,bojhano
bojhlam,bojhano
bojlam,bojhano
bojos,bojhano
bojta,bojhano
bokaaaaaaaaacodaaaaaaaa,bokachod
bokachoda,bokachod
bokachodas,bokachod
bokachondro,bokachod
bokachudi,bokachod
bokacoda,bokachod
bokacondro,bokachod
bokaducha,bokachod
bokasoda,bokachod
bokchd,bokachod
bokchud,bokachod
bol,bola
bolajabe,bola
bolam,bola
bolar,bola
bolate,bola
bolay,bola
bolba,bola
bolbe,bola
bolben,bola
bole,bola
bolebow,bola
boleche,bola
bolechilam,bola
bolecho,bola
bolechodai,bola
bolei,bola
bolekn,bola
bolen,bola
bolenamar,bola
bolesen,bola
boleu,bola
boley,bola
boli,bola
bolien,bola
boliobolbi,bola
bolis,bola
bolish,bola
bolla,bola
bollam,bola
bolle,bola
bollei,bola
bollen,bola
bolleo,bola
bollew,bola
bolli,bola
bollobolbo,bola
boloo,bola
bolos,bola
boloto,bola
bolsan,bola
bolse,bola
bolseajker,bola
bolsen,bola
bolsetahole,bola
bolsi,bola
bolsili,bola
bolsireactor,bola
bolt,bola
bolta,bola
bolce,bola
bolceamra,bola
bolcen,bola
bolche,bola
bolchen,bola
bolchew,bola
bolchi,bola
bolchie,bola
bolchosudhu,bola
bolci,bola
bolco,bola
bolcy,bola
boltam,bola
boltasen,bola
bolte,bola
bolten,bola
boltesa,bola
boltesilo,bola
bolteso,bola
boltew,bola
bolto,bola
boltte,bola
bolty,bola
boluk,bola
bolunki,bola
bolyase,bola
bolodcudaonnoke,bolodchod
bondami,vondo
booda,voda
boodar,voda
booked,book
booking,book
borishaila,barishaila
borishailla,barishaila
borishaillar,barishaila
borishaillara,barishaila
borishal,barishal
borishaler,barishal
boroh,boro
boroloki,borolok
borolox,borolok
borro,boro
bosce,bosa
bose,bosa
bosecho,bosa
boses,bosa
bosh,bosa
boshailen,bosa
boshano,bosa
boshe,bosa
boshle,bosa
bosho,bosa
bosiye,bosa
boso,bosa
bosorar,bosor
bostir,bosti
bostite,bosti
boua,bua
bouke,bou
bow,bou
bowdi,boudi
bowdider,boudi
boykot,boycott
boyose,boyos
boyoser,boyos
boyosh,boyos
boyosi,boyos
brithday,birthday
btr,better
buddhi,buddhi
buddhiman,buddhi
buddhir,buddhi
buddi,buddhi
buera,bura
buira,bura
buja,bujha
bujar,bujha
bujaye,bujha
bujba,bujha
bujbar,bujha
bujbe,bujha
bujben,bujha
bujbi,bujha
bujce,bujha
bujchi,bujha
bujcos,bujha
buje,bujha
bujen,bujha
bujha,bujha
bujhachy,bujha
bujhai,bujha
bujhailen,bujha
bujhaite,bujha
bujhalo,bujha
bujhano,bujha
bujhar,bujha
bujhate,bujha
bujhay,bujha
bujhaya,bujha
bujhba,bujha
bujhben,bujha
bujhbi,bujha
bujhe,bujha
bujhechiiieder,bujha
bujhi,bujha
bujhis,bujha
bujhlam,bujha
bujhlen,bujha
bujhli,bujha
bujho,bujha
bujhtam,bujha
bujhte,bujha
bujhteci,bujha
bujhteo,bujha
bujhtesi,bujha
bujhtey,bujha
bujhtooder,bujha
bujhty,bujha
buji,bujha
bujinahijra,bujha
bujji,bujha
bujos,bujha
bujso,bujha
bujsos,bujha
bujtam,bujha
bujte,bujha
bujtechinakhotay,bujha
bujtso,bujha
bujy,bujha
bujla,bujha
bujlam,bujha
bujle,bujha
bujli,bujha
bujlm,bujha
bujo,bujha
bukasuda,bokachod
bukaxuda,bokachod
buke,buk
buker,buk
burajotoi,bura
burak,bura
burar,bura
burir,buri
buro,bura
buror,bura
by,bye
byatari,bye
byby,bye
cabe,chabe
caca,chacha
caci,chachi
cad,chad
cader,chader
cae,chai
cagai,chegano
cagaite,chegano
cagol,chagol
cagoler,chagol
cahi,chawa
cahitece,chawa
cai,chawa
caichilam,chawa
caieh,chawa
caile,chawa
cailo,chawa
caiteche,chawa
calai,chalano
calano,chalano
cale,chole
camra,chamra
cansar,cancer
caoa,chawa
capa,chapa
capacapi,chapachapi
cara,chara
caren,chara
carle,chara
carlen,chara
chawa,chaita
casso,chawa
cawaa,chawa
cay,chawa
cih,ccc
ccccc,cih
choda,cda
ceh,cih
cehara,chehara
cehra,chehara
cekon,chikon
cele,chele
celebrity,celebrity
celibraty,celebrity
celeder,celebrity
celer,celebrity
cemrar,chemrar
cemrir,chemrir
cera,chera
ceriday,cheredea
cero,chiro
ceter,cheater
ceye,chewa
ceyechilm,chewa
chaa,cha
chagoler,sagol
chahara,chehara
chaiii,chawa
chaile,chawa
chaitase,chawa
chaite,chawa
chaiteo,chawa
chaito,chawano
chalano,chalano
chalabar,chalano
chalaise,chalano
chalaita,chalano
chalasse,chalano
chamrar,chamra
chamray,chamra
charactor,charecter
chareector,character
chatai,chata
chatar,chata
chata,chata
chate,chata
chatiye,chata
chatri,satri
chau,chawa
chauwa,chawa
chay,chawa
chayle,chawa
che,cih
chee,cih
cheee,cih
cheeetumi,cih
cheeey,cih
chegano,chegaya
chegaiya,chegaya
chele,sele
cheleder,sele
chelegulo,sele
cheler,sele
chelera,sele
cheleta,sele
chen,chena
chene,chena
cheno,chena
cheri,cheri
cherir,cheri
chesramir,chesra
chhii,cih
chey,chawa
cheye,chawa
cheyechilam,chawa
cheyeo,chawa
cheyo,chawa
chillaitachen,chillano
chillaiya,chillano
chillan,chillano
chillay,chillano
chilllll,chill
chinbe,chena
chine,chena
chineese,chinese
chinei,chena
chinen,chena
chini,chena
chinlam,chena
chinlami,chena
chinlamjamal,chena
chinlamm,chena
chinlen,chena
chinlm,chena
chinlo,chena
chinno,chena
chino,chena
chinos,chena
chinse,chena
chintam,chena
chinte,chena
chintesi,chena
chintm,chena
chinto,chena
chintoi,chena
chirba,sirba
chirbe,sirba
chire,sirlo
chirlo,sirlo
chit,cheat
chitar,cheatar
chobir,chobi
chod,choda
chodai,choda
chodaise,choda
chodano,choda
chodao,choda
chodar,choda
choday,choda
chode,choda
choden,choda
chodeo,choda
chodi,choda
chodon,choda
chola,chola
cholafera,chola
cholba,chola
cholbe,chola
cholbo,chola
cholche,chola
chole,chola
choli,chola
cholo,chola
choltesa,chola
choltese,chola
chorer,chor
chorittro,choritro
chotka,chotkano
chotkabar,chotkano
chotkanor,chotkano
chubaiso,chubano
chubay,chubano
chud,choda
chuda,choda
chudai,choda
chudaite,choda
chudani,choda
chudanir,choda
chudao,choda
chudate,choda
chudbe,choda
chudbeamra,choda
chudbo,choda
chudchey,choda
chudda,choda
chude,choda
chudea,choda
chudi,choda
chudir,choda
chudlei,choda
chudleo,choda
chudloi,choda
chudmu,choda
chudna,choda
chudse,choda
chudsi,choda
chudte,choda
chudui,choda
chuida,choda
chuke,chokh
chule,chul
chuler,chul
chulkaite,chulkano
chulkani,chulkano
chulkate,chulkano
chulkaya,chulkano
chulkoni,chulkano
chumma,chuma
chumu,chuma
chure,churi
chusa,chusha
chuse,chusha
chushe,chusha
chushei,chusha
chuslo,chusha
chustay,chusha
chuste,chusha
chutia,chutia
chutiyaaapaa,chutia
ci,cih
cihara,chehara
cikna,chikon
ciknaajob,chikon
cikon,chikon
cila,silo
cilam,silo
cilamsob,silo
cilenn,silo
cili,silo
cilo,silo
cilore,silo
cini,chena
cinlam,chena
cinlm,chena
cinse,chena
cinta,chena
cintai,chena
cintam,chena
clg,college
clo,silo
clr,clear
cmnt,comments
cmnts,comments
comment,comments
commentary,comments
sobi,shob
cobi,chobi
coc,cock
cockpeak,cock
cod,choda
coda,choda
codaile,choda
codao,choda
codaohisu,choda
coday,choda
codd,choda
code,choda
codi,choda
colo,color
colour,color
comdey,comedy
comdy,comedy
comiti,committee
comity,committee
companyr,company
congratulations,congratulation
congrats,congratulation
conpany,company
coppy,copy
cricketer,cricket
ctg,chittagong
cud,choda
cudaite,choda
cudani,choda
cudar,choda
cuday,choda
cudbo,choda
cude,choda
cudi,choda
cudir,choda
cuds,choda
cudse,choda
culkai,culkani
cuse,chushe
cz,because
cul,chul
da,dewa
daaao,dewa
dabo,dewa
deai,dewa
de,dewa
dea,dewa
deb,dewa
deba,dewa
debe,dewa
deben,dewa
debo,dewa
debone,dewa
dece,dewa
dei,dewa
deika,dekha
deikai,dekha
deikha,dekha
deikhai,dekha
deikhei,dekha
deikhen,dekha
deikka,dekha
deikkha,dekha
deikkho,dekha
deikko,dekha
dek,dekha
deka,dekha
dekabo,dekha
dekaccor,dekha
dekah,dekha
dekaire,dekha
dekairm,dekha
dekajar,dekha
dekano,dekha
dekas,dekha
dekay,dekha
dekbe,dekha
dekben,dekha
dekbewnar,dekha
dekbo,dekha
dekca,dekha
dekchi,dekha
dekci,dekha
deke,dekha
dekea,dekha
deken,dekha
dekh,dekha
dekhaba,dekha
dekhabi,dekha
dekhabo,dekha
dekhadekhi,dekha
dekhai,dekha
dekhaia,dekha
dekhaice,dekha
dekhaiche,dekha
dekhaico,dekha
dekhaile,dekha
dekhailen,dekha
dekhailo,dekha
dekhaita,dekha
dekhaitam,dekha
dekhaite,dekha
dekhaiten,dekha
dekhaitese,dekha
dekhaiya,dekha
dekhale,dekha
dekhalei,dekha
dekhaleo,dekha
dekhalo,dekha
dekhan,dekha
dekhanor,dekha
dekhanu,dekha
dekhanur,dekha
dekhao,dekha
dekhar,dekha
dekhas,dekha
dekhasse,dekha
dekhate,dekha
dekhau,dekha
dekhaw,dekha
dekhay,dekha
dekhaya,dekha
dekhaysekorse,dekha
dekhba,dekha
dekhbe,dekha
dekhben,dekha
dekhbenkivabe,dekha
dekhbevaire,dekha
dekhbo,dekha
dekhbone,dekha
dekhche,dekha
dekhchen,dekha
dekhchi,dekha
dekhci,dekha
dekhe,dekha
dekhechen,dekha
dekhechikintu,dekha
dekhecho,dekha
dekhehahahaha,dekha
dekhei,dekha
dekhen,dekha
dekheni,dekha
dekheo,dekha
dekheto,dekha
dekhey,dekha
dekhi,dekha
dekhinai,dekha
dekhini,dekha
dekhininostamiro,dekha
dekhio,dekha
dekhiyachhi,dekha
dekhiye,dekha
dekhiyei,dekha
dekhlai,dekha
dekhlam,dekha
dekhle,dekha
dekhlei,dekha
dekhleo,dekha
dekhlm,dekha
dekhlo,dekha
dekhn,dekha
dekho,dekha
dekhsen,dekha
dekhsi,dekha
dekhso,dekha
dekhtam,dekha
dekhtasi,dekha
dekhte,dekha
dekhtei,dekha
dekhteo,dekha
dekhtesi,dekha
dekhty,dekha
dekhum,dekha
dekhun,dekha
deki,dekha
dekih,dekha
dekini,dekha
dekla,dekha
deklam,dekha
deklay,dekha
dekle,dekha
deklei,dekha
dekletachara,dekha
deklew,dekha
dekli,dekha
deko,dekha
dekrticii,dekha
deksen,dekha
dekseto,dekha
deksi,dekha
dekso,dekha
deksoni,dekha
deksos,dekha
dekssenni,dekha
dektam,dekha
dekte,dekha
dektechagol,dekha
dektee,dekha
deky,dekha
dcsn,decision
debotar,debota
deha,dekha
dehaile,dekha
dehaili,dekha
dehar,dekha
dehay,dekha
dehen,dekha
dehi,dekha
dehkle,dekha
deho,dekha
deo,dewa
deoa,dewa
deoaa,dewa
deoo,dewa
deouk,dewa
deowa,deowa
deoya,dewa
deshe,desh
desher,desh
deshi,desh
desi,desh
desira,desh
deta,dewa
detasen,dewa
detaso,dewa
dete,dewa
detea,dewa
dety,dewa
deu,dewa
dew,dewa
dewa,dte
dewai,dewa
dewor,dewa
deowar,dewa
deoar,dewa
deor,dewa
dewar,dewa
dewyar,dewa
deyar,dewa
dey,dewa
deya,dewa
deye,dewa
dhakai,dhaka
dhakaiyara,dhaka
dhakar,dhaka
dhakay,dhaka
dhake,dhaka
dhakha,dhaka
dhaykha,dekhe
dheeeeet,dhet
dheet,dhet
dhek,dekha
dhekalei,dekha
dhekano,dekha
dhekbo,dekha
dhekci,dekha
dheke,dekha
dhekheo,dekha
dheklam,dekha
dheklan,dekha
dhekta,dekha
dhekte,dekha
dhkos,dekha
dhokano,dhokano
dhokate,dhoka
dhoner,dhon
dhonsher,dhongsho
dhonsho,dhongsho
dhonso,dhongsho
dhor,dhora
dhora,dhora
dhorar,dhora
dhorbe,dhora
dhorbei,dhora
dhorbo,dhora
dhore,dhora
dhorei,dhora
dhoren,dhora
dhoriye,dhora
dhorme,dhormo
dhormer,dhormo
dhormio,dhormo
dhormor,dhormo
dhorse,dhora
dhorshito,dhorshon
dhorshok,dhorshon
dhorshon,dhorshon
dhorson,dhorshon
dhorsone,dhorshon
dhorta,dhora
dhorte,dhora
dhukai,dhukano
dhukaisi,dhukano
dhukaisos,dhukano
dhukan,dhukano
dhukar,dhukano
dhukay,dhukano
dhukaye,dhukano
dhuke,dhukano
dhukiye,dhukano
dhuklei,dhukano
dhukse,dhukano
dhurr,dhur
dhuruuu,dhur
dhuya,dhowa
dhuye,dhowa
dc,dewa
dian,dewa
diba,dewa
dibar,dewa
dibay,dewa
dibe,dewa
dibo,dewa
diboi,dewa
diboneyo,dewa
dibu,dewa
dica,dewa
dicce,dewa
dicche,dewa
dicchebesi,dewa
dicchen,dewa
dice,dewa
diche,dewa
dichhe,dewa
dichhis,dewa
dichi,dewa
dicho,dewa
dici,dewa
dicili,dewa
dico,dewa
die,dia
didibhai,didi
didike,didi
difference,different
different,different
dila,deowa
dilam,deowa
dilamr,deowa
dile,dile
dilee,dile
dilei,dile
dilen,dile
dileo,dile
dili,dile
diln,dile
dilo,dile
dilr,dile
dimm,dibo
dimo,dibo
dimu,dibo
dim,dibo
dise,deowa
diseakhn,deowa
diseami,deowa
diseapni,deowa
disen,deowa
disenoyto,deowa
disi,deowa
disilam,deowa
disilm,deowa
disilo,deowa
diso,deowa
disos,deowa
disot,deowa
disso,deowa
ditam,deowa
ditase,deowa
ditay,deowa
dite,deowa
diteche,deowa
ditei,deowa
diten,deowa
ditesen,deowa
diteso,deowa
ditesos,deowa
dito,deowa
dity,deowa
divorc,divorce
diya,deowa
diyabaridewar,deowa
diyachay,deowa
diye,deowa
diyeche,deowa
diyechen,deowa
diyechilm,deowa
diyecilo,deowa
diyee,deowa
diyei,deowa
diyen,deowa
diyeo,deowa
diyesen,deowa
diyo,deowa
diyocho,deowa
dkai,dekha
dkehe,dekha
dkha,dekha
dkhacce,dekha
dkhacceamr,dekha
dkhaili,dekha
dkhar,dekha
dkhi,dekha
dkhle,dekha
dkhlei,dekha
dkhmu,dekha
dkho,dekha
dkhte,dekha
dlo,dilo
dnt,donate
dod,dudh
doder,dudh
dodh,dudh
dodo,dudh
dokamo,dhukano
dokan,dhukano
doodh,dudh
dor,dhora
dora,dhora
doraia,dhora
doraiya,dhora
dorce,dhora
dorchen,dhora
dore,dhora
doren,dhora
dori,dhora
dorkal,dorkar
dorkar,dorkar
dorker,dorkar
dorkr,dorkar
dorle,dhora
dormer,dhormo
dormo,dhormo
dormoka,dhormo
dormoke,dhormo
doronr,dhoron
dorshon,dhorshon
dorson,dhorshon
dos,dosh
dose,dosh
doser,dosh
doshe,dosh
dosto,dost
dr,doctor
dres,dress
dresser,dress
dressing,dress
dressroja,dress
dristivongi,dristy
drkar,darkar
drkarindia,darkar
drkchilam,darkar
drkr,darkar
drlng,darling
dost,drs
druto,drutw
dst,dost
dsttai,dost
duareor,dua
dub,duba
dubaitase,duba
dubano,duba
dubayen,duba
dubbo,duba
dube,duba
dubse,duba
dudh,dud
dude,dudh
duder,dudh
dudhe,dudh
dudher,dudh
dudu,dudh
dudukhajsexy,dudh
dudur,dudh
dudute,dudh
duduu,dudh
dukaiso,dhokano
dukan,dhokano
dukanor,dhokano
dukasso,dhokano
duke,dhokano
dukhe,dhokano
dukhie,dhokano
dukhiye,dhokano
dukiya,dhokano
dukke,dhokano
duka,dhokano
dukkho,dukkho
dukkh,dukkho
dukkher,dukkho
dukko,dukkho
duky,dhokano
dulaise,dulai
dunia,dunia
duniai,dunia
duniar,dunia
duniay,dunia
duniya,dunia
duniyar,dunia
duniyate,dunia
duniyay,dunia
duniyer,dunia
duno,dui
dunya,dunia
durga,durga
durgapuja,durga
durgar,durga
durgha,durga
durgondo,durgondo
durgonto,durgondo
dhur,dhur
durr,dhur
durrrr,dhur
duru,dhur
dury,dhur
dush,dosh
dustu,dusto
dustami,dusto
duto,dui
dowa,dowa
duwai,dowa
dw,dowa
dwa,dowa
dwaa,dowa
dwita,dui
dy,deowa
dye,deowa
eaba,yaba
eaesob,esob
earm,earn
earring,earn
easily,easy
eba,emon
ebr,ebar
ecca,iccha
eccha,iccha
echa,iccha
echhe,iccha
eda,eita
edir,eder
edr,eder
eejonn,ejonno
egulai,egula
egulake,egula
egular,egula
egulare,egula
egulir,egula
egulo,egula
egulok,egula
eguloto,egula
ehn,ekhon
ehon,ekhon
ehono,ekhon
eibhabe,eivabe
eibhabee,eivabe
eicha,ischa
eiche,ischa
eida,eita
eidare,eita
eider,eita
eigula,eigulo
eigulao,eigulo
eii,ei
eij,eije
eike,eke
eirkm,erokom
eirokom,erokom
eikhane,ekhane
eishob,esob
eishobe,esob
eitai,eita
eitto,eito
eity,eta
eivabe,evabe
eivhbe,evabe
ejnnoi,ejnno
ejonnoi,ejnno
ekane,ekhane
ekbaro,ekbar
ekdm,ekdom
ekga,ekjon
ekhane,ekhan
ekhhn,ekhon
ekhn,ekhon
ekhoni,ekhon
ekhono,ekhon
ekhun,ekhon
ekj,ekjon
ekjn,ekjon
ekk,eki
ekkno,ekhono
ekn,ekhon
ekni,ekhon
ekon,ekhon
ekspat,expert
ekta,ekta
ektama,ekta
ektao,ekta
ekto,ektu
ektuo,ektu
elei,ele
emba,emon
emn,emon
emne,emni
emnei,emni
emun,emon
enga,eto
engchi,inch
epicbai,epic
eraa,era
erkm,erokom
erkom,erokom
erm,erokom
erom,erokom
erum,erokom
esb,esob
esechen,asa
esee,asa
eshe,asa
esho,asa
eso,asa
ese,asa
eshob,esob
eshb,esob
essa,iccha
esssssre,ish
eta,eta
etaa,eta
etah,eta
etai,eta
etao,eta
etar,eta
etare,eta
etee,ete
etihas,itihas
etoh,eto
etoi,eto
etto,eto
ettto,eto
ettu,eto
etw,eto
etwdin,etodin
evhabe,evabe
ewww,ew
exame,exam
exorcism,exercise
experienced,experience
eytai,etai
eytao,etao
fack,fuck
faizlami,fazlamo
fajil,fazlamo
fajlamoar,fazlamo
fajlamor,fazlamo
falto,faltu
faltur,faltu
failay,peli
fann,fan
faraoner,ferawun
farnichar,furniture
fashite,fashi
fasi,fashi
fash,fashi
fatabo,fatiye
fataia,fatiye
fb,facebook
fd,friend
feelings,feeling
feetness,fitness
feilo,fela
feksi,fela
fel,fela
felaba,fela
felaiche,fela
felar,fela
felbi,fela
felbo,fela
felchi,fela
felci,fela
fele,fela
felechho,fela
felechiloo,fela
felecho,fela
feli,fela
fellam,fela
felle,fela
fellei,fela
fello,fela
felo,fela
felos,fela
felsi,fela
felso,fela
feltam,fela
feltase,fela
feltay,fela
felte,fela
feltese,fela
felum,fela
felun,fela
feraon,ferawun
fhete,phata
fete,phata
figar,figure
figer,figure
figur,figure
firbe,fira
fire,fira
fmz,famous
foinni,fokir
fokinne,fokir
fokinni,fokir
fokinnie,fokir
fokinniee,fokir
fokinnir,fokir
fokkini,fokir
fooottt,foot
fore,pore
fordha,porda
forlay,porle
forsa,forsha
fot,fota
fotau,fota
foyinni,fokir
frai,prai
fried,friend
friendly,friend
friends,friend
friendship,friend
frnd,friend
fuchkai,fuchka
fucker,fuck
fuke,fuck
fule,fula
fuliye,fula
futan,futano
futoi,futo
futwark,future
fvrt,favorite
ga,ja
gaal,gal
gaanta,gaan
gabi,jabi
gace,gechi
gacer,gach
gacha,gach
gachar,gach
gache,gach
gachelo,geche
gacher,gach
gadar,gadha
gade,gadha
gadhi,gadhi
gadhiee,gadhi
gail,jail
gaza,gaja
gajab,gojob
gajar,gaja
gajle,gojol
gajub,gojob
galagail,galagali
galagalir,galagali
gali,gali
galir,gali
galm,gelam
galo,gelo
galobah,gelo
galoooo,gelo
galpo,golpo
gam,gham
gamanor,ghamanor
gamer,game
ganea,janina
ganga,ganja
ganjakhor,ganja
ganjar,ganja
ganjutti,ganja
ganta,gan
ganza,ganja
garir,gari
gasa,gache
gase,gache
gaseor,gache
gasey,gache
garote,garot
garta,gorto
gash,gach
gasos,gache
gche,geche
gcho,gecho
gd,good
gebon,jibon
gece,geche
gechi,gelo
gecho,gelo
geci,gelo
gecilo,gelo
geco,gelo
gela,gelo
gelam,gelo
gele,gelo
gelei,gelo
gelen,gelo
geleo,gelo
geli,gelo
gelojar,gelo
gese,geche
gesay,geche
geseake,geche
geseamar,geche
gesen,geche
geses,geche
gesesokr,geche
geshe,geche
gesi,geche
gesilam,geche
gesilm,geche
gesilo,geche
gesis,geche
geso,geche
geyainy,gen
geyan,gen
geyani,gen
geya,giye
gf,girlfriend
ghaam,gham
gham,gham
ghame,gham
ghar,ghor
ghenna,ghrina
ghesi,geche
ghorar,ghora
ghoray,ghora
ghore,ghor
ghorer,ghor
ghory,ghor
ghosa,ghosha
ghose,ghosha
ghosi,ghosha
ghrrina,ghrina
ghu,gu
ghuira,ghure
ghulo,ghula
ghumai,ghum
ghuman,ghum
ghumao,ghum
ghumay,ghum
ghumaya,ghum
ghura,ghura
ghuraia,ghura
ghuray,ghura
ghurben,ghura
ghurbo,ghura
ghure,ghura
ghuriye,ghura
ghurle,ghura
ghuro,ghura
ghuros,ghura
ghurtace,ghura
ghurte,ghura
ghurtese,ghura
ghuya,gua
gia,giye
gibod,gibot
gidhor,gidor
giechilo,giye
ginna,ghrina
girls,girl
girna,ghrina
gitsen,jitsen
giya,giye
giyabotam,giye
giyechilam,giye
giyechybaki,giye
giyehandelmaro,giye
gojop,gojob
golai,gola
golar,gola
golare,gola
golay,gola
golo,gulo
gonte,gonta
gooo,go
goo,go
gora,gua
gorbari,ghorbari
gore,ghor
goribder,gorib
goriber,gorib
gorili,kora
goro,gorom
gorom,gorom
gorome,gorom
gorte,gorto
gorter,gorto
gorther,gorto
gortu,gorto
gorur,goru
gorusagol,goru
goshti,gusti
gota,guta
gote,ghota
gotona,joubon
govirvabe,govir
govt,government
goyai,gua
gowa,gua
gozob,gojob
grame,gram
gramer,gram
groher,groho
grohon,groho
grp,group
geche,geche
gsa,geche
gse,geche
gsi,geche
gsilm,geche
gud,gud
guda,gud
gude,gud
guhai,gua
guha,gua
guhay,gua
guila,gula
guko,gulo
gula,gulo
gulai,gulo
gulan,gulo
gulao,gulo
gular,gulo
gulare,gulo
gulay,gulo
guli,gulo
gum,ghum
gumabo,ghum
gumate,ghum
gura,soto
gurtam,ghura
gurte,ghura
gurale,ghura
gua,gua
guwa,gua
guya,gua
guyai,gua
guys,guy
haa,ha
haaa,ha
haara,harche
haath,haat
hocce,hoyeche
hoccee,hoyeche
hocche,hoyeche
hocchen,hoyeche
hoce,hoyeche
hocha,hoyeche
hochche,hoyeche
hochchee,hoyeche
hoche,hoyeche
hochey,hoyeche
hochhe,hoyeche
hocsa,hoyeche
hocse,hoyeche
hoe,hoyeche
hoea,hoyeche
hoewa,hoyeche
hoey,hoyeche
hoga,hoya
hogai,hoya
hogar,hoya
hogay,hoya
hogamara,hogamara
hogamarar,hogamara
hoi,hoy
hoia,hoy
hoiao,hoy
hoiato,hoyto
hoiba,hobe
hoibe,hobe
hoibi,hobe
hoibo,hobe
hoica,hoyeche
hoice,hoyeche
hoicea,hoyeche
hoiche,hoyeche
hoichen,hoyeche
hoicho,hoyeche
hoico,hoyeche
hoicy,hoyeche
hoie,hoy
hoiea,hoy
hoigace,hoyeche
hoii,hoy
hoila,hoilo
hoile,hoilo
hoilei,hoile
hoilen,hoile
hoileo,hoile
hoili,hoile
hoilo,hoile
hoily,hoile
hoina,hoyni
hoinai,hoyni
hoine,hoyni
hoini,hoyni
hoisa,hoyeche
hoise,hoyeche
hoisea,hoyeche
hoisego,hoyeche
hoisen,hoyeche
hoisilam,hoyechi
hoisilo,hoyechi
hoiso,hoyechi
hoisoapu,hoyeche
hoisos,hoyeche
hoitaca,hoyeche
hoitace,hoyeche
hoitam,hoyeche
hoitase,hoyeche
hoite,hoyeche
hoitece,hoyeche
hoitei,hoyeche
hoitesa,hoyeche
hoitese,hoyeche
hoitesilo,hoyeche
hoiteso,hoyeche
hoitho,hoyto
hoiti,hoyto
hoito,hoyto
hoiya,hoye
hoiye,hoye
hoiyea,hoye
hoiyya,hoye
holao,holeo
holea,holeo
holei,holeo
holen,holen
holew,holen
holey,holeo
holsam,bolechilam
hoo,ha
hooya,hoye
horni,horny
horny,horny
hossa,hocche
hosse,hocche
hotee,hot
hotel,hotel
hotelewo,hotel
hotels,hotel
hothat,hotath
hothath,hotath
hoty,hote
houa,hoya
houai,hoya
houar,hoyar
houk,hok
houwa,hoya
howar,hoyar
hower,hoyar
howyr,hoyar
howr,hoya
hoya,hoya
hoyaa,hoya
hoyasili,hoyeche
hoybo,hobe
hoyca,hoyeche
hoyce,hoyeche
hoycha,hoyeche
hoyche,hoyeche
hoyecha,hoyeche
hoyeche,hoyeche
hoychoand,hoyeche
hoycilamallah,hoyeche
hoyechilo,hoyechilo
hoyecile,hoyechilo
hoyeo,hoyeche
hoyesen,hoyeche
hoyeseples,hoyeche
hoyna,hoyni
hoynah,hoyni
hoynai,hoyni
hoyni,hoyni
hoysa,hoyeche
hoyse,hoyeche
hoyte,hoyto
hoyto,hoyto
huhu,haha
humm,hm
hummm,hm
hunlam,shunlam
huzuer,hujur
hwyr,hoy
hy,hoy
hya,hoy
hye,hoy
hyei,hoy
hyselo,hoyechilo
icca,icche
icccchh,icche
icce,icche
iccha,icche
icche,icche
icha,icche
iche,icche
ichha,icche
ichhe,icche
ind,india
india,india
indiai,india
indian,india
indiar,india
indiay,india
invait,invite
invite,invite
islam,islam
islame,islam
islamer,islam
islami,islam
islamic,islam
iss,iss
issa,iss
isse,iss
issiiiii,iss
isss,iss
isssh,iss
issss,iss
ijjot,ijjot
ijjoth,ijjot
inbox,inbox
inboxa,inbox
inbx,inbox
inch,inchi
inchi,inchi
ja,ja
j,ja
jaa,ja
jaak,jak
jaake,jak
jaan,jan
jab,jaba
jabe,jaba
jaben,jaba
jabi,jaba
jacche,jacche
jacchesuch,jacche
jachche,jacche
jache,jacche
jachha,jacche
jachhe,jacche
jadar,jader
jae,jai
jaeta,jeta
jaga,jaga
jagar,jaga
jagay,jaga
jagse,jaga
jaguii,jaga
jahanname,jahannam
jahannami,jahannam
jaiben,jabe
jaibo,jabe
jaigai,jaiga
jaigay,jaiga
jaiger,jaiga
jaia,jai
jaiii,jai
jawa,jawa
jaio,jawa
jais,jawa
jaisey,jawa
jaita,jawa
jaitache,jawa
jaitacn,jawa
jaitahso,jawa
jaitam,jawa
jaitase,jawa
jaitaso,jawa
jaite,jawa
jaitei,jawa
jaitesa,jawa
jaitese,jawa
jaiteseer,jawa
jaito,jawa
jaitsey,jawa
jaiya,jawa
jaiyen,jawa
jaiyene,jawa
jaiyo,jawa
jakhon,jokhon
jalebir,jalebi
jamata,jamai
jamay,jamai
jana,janano
janaben,janano
janacci,janano
janachi,janano
janai,janano
janaio,janano
janan,janano
janao,janano
janar,janano
janay,janano
janaysobie,janano
jane,jani
janeato,jani
janeh,jani
jangia,jainga
jangiatanganmethila,jainga
janlea,janle
janlo,janle
jannatul,jannat
jannatulothocho,jannat
janowar,janowar
janowarer,janowar
jant,jantam
janta,jantam
jantamajker,jantam
jantao,janto
jante,janto
jantoi,janto
januwar,janwar
jany,jano
jao,jawa
jaoa,jawa
jaoare,jawa
jaodekho,jawa
jaow,jawa
jaowar,jawa
jaoya,jawa
jaro,jaroj
jaroj,jaroj
jarojsontan,jaroj
jaroz,jaroj
jasse,jawa
jasso,jawa
jassse,jawa
jate,jati
jater,jati
jatigoto,jati
jatikew,jati
jatir,jati
jatiyo,jati
jaw,jawa
jawar,jawa
jawyar,jawa
jay,jawa
jayaisob,jawa
jayamar,jawa
jayen,jawa
jaygay,jayga
jb,jabe
jba,jabe
jbe,jabe
jcb,jesob
jdi,jodi
jebon,jibon
jegula,jegula
jegulu,jegula
jeikhana,jekhane
jeikhane,jekhane
jekhanei,jekhane
jemne,jemon
jemoni,jemon
jene,jeno
jeneo,jeno
jercy,jercy
jersy,jercy
jetai,jeta
jeto,jete
jhaaap,jhap
jhh,jokhon
jhulaya,jhula
jhulba,jhula
jjhulbakissu,jhula
jhule,jhula
jhulongto,jhula
jhulse,jhula
jibonda,jibon
jibone,jibon
jiboneo,jibon
jiboneoooooooo,jibon
jiboner,jibon
jiga,jigges
jigass,jigges
jiii,ji
jijaji,ji
jindbad,jindabad
jinic,jinis
jinise,jinis
jinish,jinis
jinsi,jinis
jitlei,jita
jitleo,jita
jitlo,jita
jitta,jita
jitte,jita
jitar,jita
jitay,jita
jite,jita
jkhane,jekhane
jkhn,jokhon
jkhon,jokhon
jkn,jokhon
jmn,jemon
jne,jani
jni,jani
jnis,jani
jnn,jonno
jnnne,jonno
jnno,jonno
jnnoi,jonno
jnnw,jonno
jno,jonno
jnyo,jonno
jobon,joubon
jocksssssssssss,joke
jode,jodi
jodio,jodi
joggoi,joggo
joggota,joggo
joggotai,joggo
joghonnotomo,joghonno
jogonno,joghonno
jogota,joggota
jogra,jhogra
jogyo,jogyo
johnny,johni
johny,johni
joker,joke
jokes,joke
jokhon,jokhon
jokon,jokhon
jole,jola
jolle,jola
joltase,jola
jommodin,jonmodin
jon,jon
jone,jon
joner,jon
joneri,jon
jonm,jonmo
jonmai,jonmo
jonmare,jonmo
jonmeo,jonmo
jonmodine,jonmodin
jonmu,jonmo
jonna,jonno
jonnai,jonno
jonne,jonno
jonney,jonno
jonni,jonno
jonnoi,jonno
jonnor,jonno
jono,jonno
jonnno,jonno
jontroa,jontrona
jontru,jontrona
joono,jonno
jormo,jonmo
jos,joss
jossro,joss
josss,joss
jota,juta
jothesto,jotheshto
jotoh,joto
jotoi,joto
jotosop,jotosob
jotota,joto
jotoy,joto
jottoshokol,jottoshob
jottosob,jottoshob
joubone,joubon
joyan,jowan
jto,joto
judgement,judge
judges,judge
jule,jhula
jutbe,jota
juto,juta
jvabe,jevabe
jwtw,joto
jy,jai
koraile,kora
koraio,kora
koran,kora
koranor,kora
koransundor,kora
korao,kora
korar,kora
korarbcb,kora
korarr,kora
korasa,kora
korasse,kora
korata,kora
korate,kora
koray,kora
koraya,kora
koraychay,kora
korba,kora
korbaa,kora
korbay,kora
korbe,kora
korbeagula,kora
korbei,kora
korben,kora
korber,kora
korbi,kora
korbina,kora
korbni,kora
korbo,kora
korboeta,kora
korbona,kora
korboor,kora
korbotui,kora
korby,kora
korce,kora
korcen,kora
korcey,kora
korcha,kora
korche,kora
korchen,kora
korchenkeep,kora
korchi,kora
korcho,kora
korchos,kora
korci,kora
korcila,kora
korcilo,kora
kore,kora
korea,kora
korean,kora
korece,kora
korecen,kora
koreche,kora
korechen,kora
korecher,kora
korecho,kora
koreci,kora
koreee,kora
koreei,kora
koreeto,kora
koreh,kora
korehudai,kora
korei,kora
koren,kora
korena,kora
korenaer,kora
korenai,kora
korenamr,kora
korenapnar,kora
korenna,kora
korennai,kora
korensoumya,kora
korenthen,kora
koreo,kora
koreoder,kora
koreporokaler,kora
korer,kora
korereact,kora
koresen,kora
koretachara,kora
kori,kora
koribut,kora
korieto,kora
korilai,kora
korilaiar,kora
korillay,kora
korin,kora
korina,kora
korinabt,kora
korinai,kora
korio,kora
koris,kora
korish,kora
korite,kora
koriye,kora
korla,kora
korlam,kora
korlamer,kora
korle,kora
korlei,kora
korlen,kora
korlenfalto,kora
korlenman,kora
korleo,kora
korlew,kora
korli,kora
korlm,kora
korln,kora
korlo,kora
kormo,kora
kormu,kora
koro,kora
koroburi,kora
koroc,kora
koroi,kora
korok,kora
korologga,kora
korom,kora
korona,kora
koros,kora
koroso,kora
korosonk,kora
korse,kora
korseashay,kora
korseboy,kora
korsen,kora
korseoi,kora
korsetarporau,kora
korsi,kora
korsiallah,kora
korsili,kora
korsilm,kora
korsilo,kora
korsiuff,kora
korso,kora
korsoc,kora
korsos,kora
korta,kora
kortaca,kora
kortace,kora
kortacen,kora
kortachi,kora
kortachos,kora
kortam,kora
kortamkhobor,kora
kortase,kora
kortasi,kora
kortasos,kora
korte,kora
kortece,kora
kortecha,kora
kortechilen,kora
korteci,kora
kortecis,kora
korteco,kora
korter,kora
kortesa,kora
kortese,kora
kortesen,kora
kortesenr,kora
kortesentader,kora
kortesi,kora
kortesos,kora
kortiso,kora
korto,kora
kortocos,kora
kortodesh,kora
korty,kora
koruk,kora
korum,kora
korun,kora
korve,kora
kos,koshto
kosa,koshto
koshto,koshto
kosom,kosom
kossa,koshto
koste,koshto
kosto,koshto
kostokatinno,koshto
kota,kothay
kotah,kothay
kotai,kothay
kotar,koyta
kotay,koth
kothaaaa,kotha
kothacorporate,kotha
kothagulo,kotha
kothai,kothay
kothakar,kothay
kothao,kothay
kothar,kotha
kotharuchi,kotha
kothasob,kotha
kothavondoofoultui,flower
kothayhudai,kothay
kothayy,kothay
kotheke,kotha theke
kotho,kotha
kothy,kothay
koti,koti
kotkotir,kotkoti
kotobaar,koto
kotodin,koto
kotojon,koto
kotomkorun,khotom
kotota,koto
kotoy,koto
kotta,kutta
kottar,kutta
kotthe,koththeke
kottheke,koththeke
kotto,koto
koun,kon
koushole,koushol
kow,bolo
kowa,bola
kowayte,bolte
koy,koto
koydin,koto
koyek,koto
kumillar,cumilla
kumli,cumilla
kule,khule
kulle,khule
kulo,khule
kuly,khule
kun,kono
kundin,kono
kuni,kono
kuno,kono
kunta,kono
kuntar,kono
kunu,kono
kur,kora
kuraitese,kora
kuran,kora
kusto,koshto
kutay,kothay
kutotio,kutta
kutrar,kutta
kuttachuda,kutta
kuttao,kutta
kuttar,kutta
kuttarbacca,kutta
kuttay,kutta
kutti,kutta
la,lav
laav,lav
lab,lav
labe,lav
labi,lav
lac,lav
lafano,laf
laf,laf
lafachhe,laf
lafaitechy,laf
lafaitese,laf
lafalafi,laf
lafash,laf
lafay,laf
lafiye,laf
lag,lagano
laga,lagano
lagaba,lagano
lagaben,lagano
lagai,lagano
lagailei,lagano
lagais,lagano
lagaisan,lagano
lagaise,lagano
lagaita,lagano
lagal,lagano
lagale,lagano
lagan,lagano
laganno,lagano
laganor,lagano
lagao,lagano
lagasemakeup,lagano
lagata,lagano
lagate,lagano
lagaw,lagano
lagay,lagano
lagbaynavi,lagano
lagbe,lagano
lagbena,lagano
lagbo,lagano
lagby,lagano
lagbyrui,lagano
lagca,lagano
lagce,lagano
lagcetmi,lagano
lagcha,lagano
lagche,lagano
lagchea,lagano
lagcheamay,lagano
lagchebishes,lagano
lagchekintu,lagano
lagchena,lagano
lagchey,lagano
lagchi,lagano
lage,lagano
lagea,lagano
lageami,lagano
lageasole,lagano
lageear,lagano
lagekokhon,lagano
lagelce,lagano
lagena,lagano
lager,lagano
lagerr,lagano
lagetenx,lagano
lagetui,lagano
lagey,lagano
laghuder,lagano
lagi,lagano
lagir,lagano
lagiso,lagano
lagiye,lagano
lagle,lagano
lagllo,lagano
laglo,lagano
lagse,lagano
lagsilo,lagano
lagtache,lagano
lagtasa,lagano
lagtase,lagano
lagte,lagano
lagtece,lagano
lagteche,lagano
lagtechilo,lagano
lagtesa,lagano
lagtese,lagano
lagtesena,lagano
lagtesilo,lagano
lagti,lagano
lagto,lagano
lagtyse,lagano
lai,lagano
laiga,lagano
laigga,lagano
likhte,lakthe
lal,lal
lalbag,lal
lall,lal
lalon,lal
lamba,lomba
lanta,lengta
lara,narano
lare,narano
last,last
laste,last
laster,last
lathi,lathi
lathir,lathi
latthi,lathi
latthy,lathi
launch,lunch
lawra,laura
lawarisg,lawarish
ledis,ladies
lege,leg
legechilo,legesilo
legei,legesilo
leigai,jonno
leikha,likhe
lekha,lekha
lekhapora,lekha
lekhar,lekha
lekhata,lekha
lekiya,lekha
lekvo,lekha
lengta,lengta
lengtar,lengta
lengtu,lengta
lenta,lengta
leone,leon
lerimoni,porimoni
lesbo,lesbian
leura,laura
lgae,laga
lgbe,laga
lgchiyecha,laga
lge,laga
lgea,laga
lgena,laga
lgle,laga
lgsejama,laga
libistik,lipstick
lieki,like
likee,like
likeee,like
likes,like
likha,lekha
likhben,lekha
likhe,lekha
likhon,lekha
likhse,lekha
likhtw,lekha
likkhe,lekha
likte,lekha
lingo,gender
lionder,lion
liple,nipple
lipto,lip
lit,literally
lite,literally
litton,liton
locca,local
loge,log
loia,niye
loiche,niye
lojjae,lojja
lojjao,lojja
lojjar,lojja
lollipop,lolipop
lolmba,lomba
lom,lomba
lon,london
londoni,london
longi,long
looking,look
lookokhh,look
looks,look
lordmirajmosaddektaijul,loard
lort,loard
loti,lotion
lotir,lotion
lover,love
loya,niye
loy,niye
lozic,logic
lozza,lojja
lubricantr,lubricant
lucca,luichcha
luccami,luichcha
luccha,luichcha
lucchami,luichcha
luchu,luichcha
ludu,luichcha
lufay,luichcha
luge,luichcha
luggi,luichcha
luicca,luichcha
luiccai,luichcha
luiccha,luichcha
luicha,luichcha
luichami,luichcha
luichcha,luichcha
lukanor,lukano
lukanu,lukano
lukhiyeee,lukano
lukiye,lukano
lunge,lungi
lunggi,lungi
lungta,lungi
lunngu,lungi
maa,ma
maaar,mara
maadarsod,madarchod
maal,mal
maale,mal
madachod,madarchod
madar,madarchod
madarboard,madarchod
madarbod,madarchod
madarbord,madarchod
madarbot,madarchod
madarchodera,madarchod
madarchood,madarchod
madarchot,madarchod
madarchud,madarchod
madarcod,madarchod
madarcud,madarchod
madarerxod,madarchod
madari,madarchod
madarir,madarchod
madarsod,madarchod
madatdatake,madarchod
maddhome,madam
maddome,madam
madem,madam
mader,madarchod
maderchuud,madarchod
maderson,madarchod
madharchod,madarchod
madr,madarchod
magaar,magi
magae,magi
mage,magi
magey,magi
maggi,magi
maghfil,magi
magibaji,magi
magichoda,magi
magichuda,magi
magida,magi
magiire,magi
magini,magi
magiporimoni,magi
magir,magi
magire,magi
magirpolago,magi
mai,maiya
maia,maiya
maiggahijra,maigga
maigulo,maigga
maikha,maigga
maikhaa,maigga
mainser,manush
mainshe,manush
mair,mair
maira,mair
maire,mair
maireo,mair
mairra,mair
maiy,maiya
maiya,maiya
maiyaa,maiya
maiyar,maiya
maiyara,maiya
maiyare,maiya
maiyata,maiya
maiyawo,maiya
maiyya,maiya
maiyathapraite,maiyathapraite
maj,majhe
maja,majhe
maje,majhe
majei,majhe
majh,majhe
majha,majhe
majhe,majhe
majheo,majhe
majkhan,majhe
majaj,mejaj
maker,make
makeuo,makeup
makhen,makha
makhi,makha
makhon,makha
mako,makha
makonar,makha
makor,makha
makup,makeup
mala,mal
malai,mal
malala,mal
malaun,mal
malauner,mal
malaunera,mal
malaunra,mal
maliker,malik
mall,mal
mallgolo,mal
malu,mallu
maludr,malludar
malum,mallu
malun,mallu
malunda,mallu
maluner,mallu
malura,mallu
mamuner,mamun
mamunul,mamun
manaba,manano
manah,mana
manai,manano
manaibo,manano
manaina,manayna
manaito,manano
manay,manano
mandir,mandar
maneh,mane
manei,mane
manen,mane
maner,mane
maney,mane
mange,mangerput
mangerbeta,mangerput
manlam,mana
manleo,mana
manob,manush
manobota,manush
manos,manush
manosh,manush
manoshik,manush
manoshikota,manush
manosik,manush
manosikota,manush
manous,manush
mansuh,manush
mante,mana
manueelll,manual
manus,manush
manuse,manush
manuser,manush
manusgulo,manush
manusher,manush
manushh,manush
manushja,manush
manushra,manush
manushrai,manush
manuspuro,manush
manusra,manush
manusti,manush
many,manano
manya,manano
manyna,manano
manyser,manano
mapi,mapa
mapte,mapa
mar,marano
mara,marano
marailo,marano
maraita,marano
maraite,marano
maramari,marano
maraner,marano
maranir,marano
marar,marano
maras,marano
maraw,marano
maray,marano
marbo,mara
mare,mara
maree,mara
maren,mara
marer,mara
marey,mara
mari,mara
mariaigula,maiyagula
marie,marry
marikorben,marry
maris,mara
marla,mara
marlam,mara
marlboro,mara
marleo,mara
maro,mara
marom,mara
marooo,mara
maros,mara
mars,mara
marsafe,mara
marse,mara
marsen,mara
marsi,mara
marsila,mara
marsy,mara
marta,mara
martache,mara
marte,mara
martecen,mara
martese,mara
marum,mara
marvan,mara
mas,mashallah
masala,mashallah
masalla,mashallah
masallah,mashallah
masdaka,mashallah
mash,mashallah
mashallah,mashallah
masher,mashjid
mashjid,mashjid
mashud,mashjid
masi,mashjid
masin,mashjid
masjid,mashjid
masjider,mashjid
mastor,master
masu,masum
masud,masum
masum,masum
masumare,masum
masunapni,masum
matar,madarchod
matartodd,madarchod
matha,matha
mathabatha,matha
mathai,matha
mathar,matha
matharir,matha
mathay,matha
mathe,matha
mather,matha
mathy,matha
mati,mati
matir,mati
matite,mati
matun,mature
matured,mature
maush,manush
mayb,maybe
mayed,meye
mayeder,meye
mayer,meye
mayra,meye
mayre,meye
mayta,meye
mayyer,meye
meaer,mean
mean,mean
meaning,mean
means,mean
medel,model
meghdol,megh
megngar,megh
mehanga,expensive
mehedir,mehedi
mei,meye
mekap,makeup
mele,male
mene,mana
mension,mention
mere,mara
mereche,mara
meree,mara
merei,mara
meri,mara
merica,mara
mero,mara
mesh,mess
mess,mess
meste,mishte
metabo,meta
metato,meta
meter,meta
methela,mithila
methila,mithila
methorer,methor
metre,mattro
mey,meye
meya,meye
meyad,meye
meyader,meye
meye,meye
meyeder,meye
meyedere,meye
meyego,meye
meyek,meye
meyer,meye
meyera,meye
meyerao,meye
meyeta,meye
meyetake,meye
meyetar,meye
meyetato,meye
meyetir,meye
meyra,meye
meyta,meye
meyzd,meyad
mhuk,mukh
mhuka,mukh
mhuke,mukh
mica,mitha
mich,mitha
micha,mitha
midia,media
midiya,media
mil,mela
milay,mela
milche,mela
mile,mela
milegi,mela
milenay,mela
miletbe,mela
miliye,mela
mill,mela
milla,mela
milse,mela
minuite,minute
minutes,minute
miraj,minaj
mirjforer,mirjafor
mirpure,mirpur
mis,miss
missing,miss
mistar,mister
mishty,mishti
misti,mishti
mithiladr,mithila
mithilake,mithila
mithilar,mithila
miththe,mitha
mithya,mitha
mitta,mitha
mittha,mitha
mitila,mithila
mna,mane
mne,mane
mnt,minute
mnus,minus
mod,madarchod
moda,madarchod
modarchud,madarchod
modda,moddhe
moddai,moddhe
modde,moddhe
moddey,moddhe
moddhe,moddhe
moddheo,moddhe
moddhoso,moddhe
modified,modify
modir,modi
modoner,modon
modurotay,modhurota
mogai,moga
mogdale,mogdal
mohain,mohan
mohilao,mohila
mohilar,mohila
moila,moyla
moira,mora
moire,mora
mojar,moja
mojja,moja
mokhe,mukhe
momta,momota
monato,manano
monche,moncho
mondhir,mondir
mondir,mondir
mondiro,mondir
mondope,mondop
mone,mon
monea,mon
monehoi,mon
monehoy,mon
monei,mon
moneo,mon
moner,mon
moni,mon
monir,mon
monke,mon
monne,mon
mono,mon
monta,mon
months,month
montiapar,monty
montir,monty
mony,moni
mor,mora
mora,mora
morar,mora
morbe,mora
morbeallah,mora
morbi,mora
morci,mora
more,mora
morei,mora
moril,mora
morini,mora
moris,mora
morle,mora
morleo,mora
mormu,mora
morni,mora
moron,mora
moroner,mora
morse,mora
morsi,mora
morsider,mora
morte,mora
mosjid,moshjid
mosjider,moshjid
moskora,moshkora
mosla,moshla
moslim,muslim
moslimder,muslim
mosolli,muslim
mosolman,muslim
mosrikra,mushrik
mossadek,mosaddek
mosulli,muslim
moszid,moshjid
mot,mota
motamote,motamot
motamuti,motamoti
motew,moteo
motherchud,motherchod
motho,moto
motoh,moto
motohala,moto
motoi,moto
moton,moto
motonami,moto
motoo,moto
motoyea,moto
motto,moto
motso,motsho
motu,mota
moulubi,moulobadi
moussy,mashi
mousumi,moushumi
moydar,moyda
mron,mora
mrte,mora
msg,massage
msud,masud
msulim,muslim
mto,moto
mton,moto
mtw,moto
muhamma,mohammad
muhmmad,mohammad
mugor,amader
mui,ami
muinat,ami
muja,moja
muk,mukh
muke,mukh
mukhe,mukh
mukhee,mukh
mukhei,mukh
mukheo,mukh
mukher,mukh
mukho,mukh
mukhos,mukhosh
mukhta,mukh
mukhy,mukh
mular,mula
mulsim,muslim
mun,mon
munder,murder
munissor,manush
munu,nunu
murgir,murgi
murir,muri
murkhoder,murkho
murko,murkho
murthir,murti
muskilei,mushkil
muslimaita,muslim
muslimder,muslim
muslimra,muslim
musmil,muslim
musolman,muslim
musolmani,muslim
mut,mota
muta,mota
muti,mutro
mutki,mota
mutos,mutro
mutro,mutro
mutte,mutro
mvir,mara
myb,maybe
n,na
naa,na
naaa,na
naaaa,na
naaar,na
naah,na
naai,na
naach,nacha
naajanle,ojana
naak,nak
naam,nam
naami,nam
naamijanif,nam
naapnara,apnara
naar,noro
naari,nari
naasole,ashole
nabhir,nabhi
nabi,nabhi
naborong,borong
nabow,bou
nacakri,chakri
nach,nach
nachamar,nach
nachanachi,nach
nachay,nach
nachi,nach
nachte,nach
naci,nach
nae,nai
naekkere,nai
nafal,nofol
nafees,nafiz
nafigure,happy
nafrat,ghrina
nagin,nagin
nagini,nagin
nah,na
nahader,na
nahbanglar,banglar
nahei,nahoy
naheita,nahoy
nahesob,nahoy
nahida,nahoy
nahidar,nahoy
naho,nahoy
nahoi,nahoy
nahole,nahoy
nahoy,nahoy
nahr,nahoy
nahtai,tai
nahvalo,valo
naiaisob,nai
naiakhn,nai
naiamader,nai
naiamr,nai
naiapni,nai
naiar,nai
naiara,nai
naidakha,nai
naidandi,nai
naii,nai
naijara,naika
naika,naika
naiki,naika
naila,naika
naile,nahole
nailong,nail
naimanush,manush
naimuslim,muslim
nainterview,interview
naiora,nahole
nair,nahole
naitahole,nahole
naitai,nahole
naithakle,nahole
naivitre,nahole
naite,gosol
naiya,meye
naiyeeeidare,meye
najokes,joke
nakaro,nak
nakew,naked
nakg,naked
nakhali,noakhali
nakieishob,naki
nakiii,naki
nakisabbir,naki
nakisukie,naki
nakitar,naki
nakotha,naki
nale,nahole
nama,namaj
namai,namaj
namaj,namaj
namar,namaj
namaz,namaj
nambar,number
nambarta,number
namber,number
nam,name
namer,name
namie,name
namirjafor,mirjafor
namkotha,kotha
namle,nama
namnes,nama
namon,nama
namota,nama
namta,nama
namte,nama
namun,nama
nanajan,nana
nanake,nana
nanar,nana
nanare,nana
nanay,nana
nangta,nengta
nanir,nani
nannu,nana
nanormal,normal
naojobillah,naojubillah
naok,nayok
naokibhabe,nayok
naoneday,oneday
naor,nayok
napaker,napak
napolapain,polapain
napopular,unpopular
naputul,putul
nar,narano
nara,narano
narabe,narano
naray,narano
narider,nari
narir,nari
narira,nari
narkel,narikel
nas,nasa
nashudu,shudhu
nastami,noshtami
nastic,nastik
nastika,nastik
nastiker,nastik
nat,neta
natader,neta
natak,natok
natake,natok
natar,natok
nato,natok
nator,natok
nauff,naojubillah
naujobillah,naojubillah
naujubillah,naojubillah
naussbllah,naojubillah
nauwjubillah,naojubillah
nauzbillah,naojubillah
navir,navi
navita,navi
naw,nao
nay,nao
nayeker,nayok
nayol,nayok
nayika,naika
nayka,naika
nea,neya
neaor,neya
neay,neya
nebe,neya
nebo,neya
nebotumi,neya
nee,nao
neche,nacha
neg,negative
negative,negative
negativity,negative
negra,nengta
nehi,na
nei,nai
neichi,niyesi
neieta,eta
neighbor,neighbour
neii,nai
neiiamdr,nai
neinai,nai
natin,nati
natir,nati
natkhn,nati
natmi,nati
natni,nati
natnir,nati
neja,nije
nejak,nije
neje,nije
nejer,nije
nekat,naki
neki,naki
neme,nama
nen,nengta
nengta,nengta
nengto,nengta
neo,nao
neoa,nao
neowa,nao
nes,nesha
nesa,nesha
neshai,nesha
newa,neya
newar,neya
ney,neya
neya,neya
neyar,neya
neye,neya
nh,na
nha,na
nhh,na
nhr,na
ni,nai
nia,neya
niagea,naigia
niba,neya
nibe,neya
niben,neya
nibi,neya
nibn,neya
nibo,neya
nibona,neya
nic,niche
nicce,niche
nice,niche
nich,niche
nicha,niche
nicher,niche
nichoi,niche
nichtalay,nichtola
nichtolar,nichtola
nictola,nichtola
nie,nai
nietie,nai
nidahas,nidra
niddra,nidra
nicu,nichu
nigeria,naigeria
nij,nije
nija,nije
nijar,nije
nijder,nije
nije,nije
nijeder,nije
nijedr,nije
nijei,nije
nijek,nije
nijeke,nije
nijeo,nije
nijer,nije
nijera,nije
nijerai,nije
nijere,nije
nijerei,nije
nijew,nije
nijey,nije
nijhe,nije
nijk,nije
nijr,nije
nijre,nije
nikristo,nikrishto
nile,neoa
nillojjo,nirlojjo
nillojjer,nirlojjo
nilo,nirlojjo
nilojjer,nirlojjo
nilojjo,nirlojjo
nilojo,nirlojjo
nimno,low
nin,nine
ninapnar,apnar
nio,neya
niog,niyog
nipat,nipple
nipples,nipple
nirbongso,nirbongsho
nirdisto,nirdishto
nire,nine
nirjatoner,nirjaton
nirloj,nirlojjo
nirlojjer,nirlojjo
nirobe,nirob
niropekkhotar,niropekkho
nisa,visa
nischoy,nishchoy
niscoi,nishchoy
nise,neya
niser,nesha
nisha,nesha
nishchoi,nishchoy
nished,nishedh
niso,neya
nisos,neya
nispap,nishpap
nisthur,nishthur
nita,neya
nite,neya
niteunu,neya
nito,neya
niya,neya
niye,neya
niyeaj,neya
niyechi,neya
niyee,neya
niyei,neya
niyen,neya
niyenna,neya
niyeo,neya
niz,nije
nize,nije
nizera,nije
nki,naki
nky,naki
nmbr,number
noakhailla,noakhali
noakhali,noakhali
noakhalir,noakhali
noalhailla,noakhali
nodire,nodi
nodite,nodi
nognota,nogno
noi,nai
noikhaillar,noakhali
noile,nahole
noito,nahole
nokher,nokh
nola,noli
nolte,noli
nominated,nominate
non,nunu
nono,nunu
nonu,nunu
nongramao,nongrami
nonra,nongra
nor,nora
norar,nora
norate,nora
nore,nora
normally,normal
nortuki,nortoki
nossto,noshto
nosta,noshto
nostami,noshto
nostamir,noshto
nosto,noshto
nostor,noshto
noti,naughty
noty,naughty
noton,notun
notton,notun
notunder,notun
noy,now
nri,nari
nski,nastik
nstik,nastik
nsu,nude
nudes,nude
nudi,nude
nun,nunu
nunuta,nunu
nwar,neya
nyka,naika
nz,nije
obaber,obhab
obabhafghanistan,obhab
obdi,obdhi
ober,uber
obese,obosheshe
obhigyota,obhiggota
obhinoi,ovinoy
oboj,obuj
oboshtai,obostha
obosshoi,oboshoi
obosso,oboshoi
obossoi,oboshoi
obosta,obostha
obostai,obostha
obosthaer,obostha
obosthai,obostha
obsta,obostha
obstai,obostha
obusta,obostha
ochit,uchit
octobot,October
odar,oder
odi,odike
odopoton,adoption
odr,oder
odupotone,adhopoton
ogor,ogo
ogore,ogo
ogu,ogula
ogulo,ogula
ohder,oh
ohe,oh
ohh,oh
ohhh,oh
ohra,ora
ohw,oh
oice,oi
oida,oita
oigese,oi
oii,oi
oiii,oi
oij,oi
oijaw,oi
oijire,oi
oikhn,oikhane
oile,oi
oindustry,industry
oine,oi
oini,oi
oishe,oishi
oisob,oishob
oitah,oita
oitai,oita
oitao,oita
oitaow,oita
oitar,oita
oitaw,oita
oitrbichar,oita
ojater,ojoggo
ojoggo,ojoggo
ojogo,ojoggo
ojogor,ojoggo
okane,okhane
oke,ok
okeo,ok
okkk,ok
okle,okal
oklor,okal
okol,okal
oky,ok
olonggo,nogno
olta,ulta
omg,oma
omma,oma
onak,onake
onaka,onake
onar,onake
onara,onake
onare,onake
oneak,onek
oneke,onek
onekta,onek
oni,uni
onk,onek
onkami,ongko
onkdin,onekdin
onkei,onekjon
onkjok,onekjon
onkkk,onek
onkus,onkush
onnayer,onnay
onner,onno
onnoder,onno
onnokaw,onno
onnor,onno
onnora,onno
onnorkm,onno
onnorokom,onno
onnow,onno
onnr,onno
onra,onara
onuvoti,onuvuti
oonek,onek
ooofffff,of
oops,ops
opman,opoman
opo,opoman
opochonder,opochondo
opolop,upolov
oporadhi,oporadh
oporat,oporadh
opore,upor
oporei,upor
oporupa,oporup
oppps,ops
oppu,ops
opss,ops
opumamunhero,opu
orabe,orano
orau,orano
ordek,ordhek
orea,ore
oree,ore
oreh,ore
orei,ore
oreii,ore
oreo,oreo
orginal,original
oro,orokom
osikkhito,oshikkhito
oslil,oshlil
oslillota,oslil
oslilota,oslil
osob,oshobbho
osobbo,oshobbho
osobhomeye,oshobbho
osojjo,oshojjho
osomman,oshomman
osomprodaik,oshamprodaik
osomvob,oshomvob
osonman,oshomman
osovon,oshovon
osovvo,oshobbho
ossobbo,oshobbho
ossb,oishob
ossob,oishob
ostomir,oshtomi
osubbo,oshuvo
osud,oshud
osur,oshur
osustw,oshustho
ota,oita
otai,oita
otao,oita
oteo,oita
otachar,ottachar
otato,otota
othe,other
others,other
otho,othoba
otistik,otishtick
otournament,tournament
oushod,oshudh
oustho,oshustho
ovabe,ovab
ovhodro,ovodro
oviram,obiram
ovishab,ovishap
ovosta,obostha
ozi,ozy
ozia,ozy
ozzy,ozy
paa,pa
paad,pad
pada,pad
padar,pad
paani,pani
paap,pap
pabar,paba
pabe,paba
paben,paba
pabetai,paba
pabi,paba
pabnate,pabna
pabnay,pabna
pacci,passi
pacata,pasa
pacha,pasa
pachata,pasa
pachay,pasa
pachal,pechal
pachhi,passi
pagla,pagol
paglachudi,pagol
paglagarod,pagol
paglamsei,pagol
pagli,pagol
paglipasher,pagol
pagol,pagol
pagolchoda,pagol
pagoler,pagol
pagoll,pagol
pagolsagolkon,pagol
pahare,pahar
paiba,paba
paibo,paba
paiboy,playboy
paice,paise
paicen,paise
paiche,paise
paichen,paise
paici,paise
paico,paise
paikhana,paykhana
paila,paila
pailaiseetay,paila
pailam,paila
pailamakthom,paila
pailay,paila
paile,paila
pailen,paila
paili,paila
pailo,paila
paini,paina
pairai,paise
paisan,paise
paisen,paise
paisi,paise
paisilam,paise
paisilen,paise
paita,paite
paitamoder,paite
paitesenapander,paite
paithik,pothik
pajama,payjama
pake,paka
pakh,pakha
paki,pakhi
pakir,pakhi
pakishtan,pakistan
pakistander,pakistan
pakistaner,pakistan
pakistani,pakistan
pakstani,pakistan
pala,palano
palai,palano
palaiben,palano
palam,palano
palce,palse
pallai,pallay
pallen,parlen
paltai,paltano
paltanor,paltano
paltu,paltano
pampers,pamper
pandal,pandel
pandya,pandey
panio,pani
panir,pani
panite,pani
panki,pakhi
panti,penti
pao,pawa
paoa,pawa
paoar,pawa
paon,pawa
paowa,pawa
paoya,pawa
paponer,papon
paponre,papon
par,parbe
para,parbe
paran,parbe
parar,parbe
paray,parbe
parba,parbe
parban,parbe
parbekauke,parbe
parben,parbe
parbenmon,parbe
parbi,parbe
parbo,parbe
parblm,problem
parce,parse
parcels,parcel
parche,parse
parchen,parse
parchi,parse
parci,parse
pareakta,pare
parena,parina
parenaeinglish,parena english
parenmamun,paren
parenna,parina
parents,parent
parer,pare
parese,pare
pariami,pari
parieshb,pari
parinai,pari nai
parlamna,parlam na
parler,parlour
parlm,parlam
parlo,parlo
parmo,parbo
parn,porn
paroa,para
parokkoita,parokkoita
parotomk,paro
parrioder,pari
partace,partese
partacha,partese
partaekta,prottekta
partan,parten
partasos,partesen
partesena,partese na
pary,pari
pas,pasa
pasai,pasa
pasar,pasa
pasay,pasa
pasaypata,pasa
pasapasi,pashapashi
paschal,pechal
pase,pashe
pasee,pashe
pasel,pashe
paser,pashe
pasha,pashe
pashar,pasher
pashe,pashe
pasi,paisi
passa,pasa
paste,past
pat,pet
pathano,pata
patabe,pata
patano,pata
pathaw,pathao
pathiye,pathao
pathile,pathao
patni,wife
pau,pa
paw,pa
pawachis,pawa
pawar,pawa
pawer,pawa
pawya,pawa
paya,pawa
pabo,pawa
paybo,pawa
paye,pa
payer,pa
paylea,payel
payna,pay nai
payni,pay nai
payse,paise
pblm,problem
pcondo,posondo
pecal,pechal
pechoner,pechano
peebe,pabe
peet,pet
pelamthank,pelam
pelan,pelam
pelastic,plastic
pelbe,felbe
pelce,felese
pele,paile
pelei,paile
pelo,paile
pemik,premik
pent,pant
pentta,penty
per,pera
perai,pera
perm,prem
peta,paite
pete,pet
peter,pet
peti,prithibi
petibhi,prithibi
petikot,peticoat
pewe,peye
peyche,paise
peye,paise
peyeche,paise
peyechen,paise
peyesi,paise
peytam,paitam
pge,page
phepol,people
phete,fete
phn,phone
phnta,phone
photographey,photography
photopea,photo
pic,picture
pica,pisa
picce,soto
picchi,soto
picci,soto
pice,pisone
piche,pisone
picher,pisone
pichone,pisone
pichoneo,pisone
pichoner,pisone
pichu,pisone
picone,pisone
pichiye,pisiye
pics,picture
picta,picture
pictures,picture
pigar,figure
pik,picture
piknik,picnic
piliz,please
pinik,pinick
pise,pisone
pison,pisone
pit,pita
pitalona,pitalona
pitabo,pitano
pitai,pitano
pitale,pitano
pitan,pitano
pitayja,pitano
pithibi,prithibi
pitibite,prithibi
pix,picture
piyaj,peyaj
piyajer,peyaj
piyas,peyaj
piyo,priyo
piz,please
pki,pakhi
playerer,player
players,player
plbm,problem
pliz,please
plz,please
plzei,please
plzz,please
plzzz,please
plzzzz,please
poa,poha
pobitrota,pobitro
poblem,problem
pochar,pocha
pochondher,posondo
pochondo,posondo
poconder,posondo
pocondo,posondo
podddar,poddar
pode,pod
pinched,bainchod
pgalachoda,pagolchoda
poisa,poysha
poisha,poysha
poishay,poysha
poja,puja
pojar,puja
pojor,puja
pokhho,pokkho
pokho,pokkho
polada,pola
polader,pola
poladole,pola
polaipain,pola
polapan,pola
polapine,pola
polar,pola
polara,pola
polarao,pola
polare,pola
polay,pola
pondai,ponda
ponde,ponda
ponn,pon
por,pora
porabo,pora
porai,pora
poraia,pora
poralekha,pora
porani,pora
porar,pora
poran,pran
porane,pran
porasamona,porashuna
porba,porbe
porbay,porbe
porbei,porbe
porbo,porbe
porce,porse
porcea,porse
porcha,porse
porche,porse
porches,porse
porchi,porse
porci,porse
porcis,porse
porcs,porse
porcy,porse
pordar,porda
pordha,porda
porei,pore
porena,pore
porenote,pore
poreo,pore
porer,pore
pores,pore
poresi,porsi
poribotton,poriborton
porichiti,porichito
porichoi,porichoy
poricoy,porichoy
porii,pori
poriimonir,porimoni
porike,pori
poriman,poriman
porimonidiboser,porimoni
porimonir,porimoni
porimonire,porimoni
porikkar,porikkhar
porir,pori
poriri,pori
poriskar,porishkar
poritar,pori
porivesey,poribesh
porjontoh,porjonto
porla,porle
porlee,porle
porlei,porle
porleii,porle
porleo,porle
porlan,porlen
porman,proman
porobonota,probonota
poron,poren
porona,poirona
porsan,porsen
porse,porsen
porser,porsen
porsey,porsen
porso,porsen
porte,portese
portece,portese
porty,party
porw,poro
posak,poshak
poshag,poshak
posok,poshak
possess,posses
postab,prostab
postir,bostir
postot,post
posttumi,prostuti
pote,pota
poth,pothe
pothom,prothom
poti,proti
potibad,protibad
potibhad,protibad
potibondhi,protibondhi
potibondi,protibondhi
potibondira,protibondhi
potitader,potita
potki,putki
potse,potese
pottek,prottek
pov,point of view
poysa,poysha
poyshar,poysha
prai,pray
prana,pran
prangoner,prangon
pranksteryoutuber,prank star
prb,problem
prblm,problem
pregnet,pregnant
preme,prem
premer,prem
prform,perform
primonider,porimoni
prithibir,prithibi
prithibite,prithibi
prithitlbite,prithibi
priye,priyo
prio,priyo
prleo,porle
probes,problem
prodanmontiee,prodhanmontre
prodoction,production
professionali,professional
professsio,profession
projatir,projati
projommoer,projonmo
projonmer,projonmo
prokito,pokrito
promanonek,proman
pron,porn
propogonda,propaganda
propos,propose
proposed,propose
proshab,prosrab
prothibir,prithibir
prothome,prothom
protibader,protibad
protibondhiki,protibondhi
protibondhir,protibondhi
protibondi,protibondhi
protom,prothom
prts,part
psto,post
psycopathi,psychopath
puchka,fuchka
pucka,fuchka
puita,pute
pujao,puja
pujar,puja
pujay,puja
pujo,puja
pujor,puja
pujoy,puja
pujuypurano,puja
pukki,pokiee
pukure,pukur
pula,pola
pulara,pola
pundabu,pondabo
purai,pura
puraibo,puraibe
puray,purano
puriyachay,porichoy
puros,purush
purshongo,purushango
purushder,purush
puruskar,purushkar
pushake,poshak
pusite,pussy
pusto,pushto
putea,put
putera,put
putkio,putki
putkir,putki
putkite,putki
putla,potla
putun,putul
puwa,pawa
pwa,pawa
pylym,pelam
qran,quran
quranke,quran
raag,rag
raam,ram
raami,ram
raastai,rastay
raikho,rekhe
raikha,rekhe
raikkha,rekhe
raat,rat
raate,rat
raater,rat
raitei,rat
rajokio,rajokiyo
raka,rakha
rakchi,rakha
rake,rakha
rakhar,rakha
rakhbe,rakha
rakhben,rakha
rakhbo,rakha
rakhce,rakha
rakhche,rakha
rakhchis,rakha
rakhe,rakha
rakhen,rakha
rakhis,rakha
rakhle,rakha
rakho,rakha
rakhok,rakha
rakhse,rakha
rakhsi,rakha
rakhsos,rakha
rakhte,rakha
rakhuk,rakha
rakhun,rakha
rakis,rakha
rakhchoke,ragchokhe
rakhoshir,rakkhoshi
rakkhosher,rakkhoshi
rakte,rakha
rakun,rakha
ramcudu,ramchoda
ramdan,ramadan
rang,rong
ranking,king
ranse,ranna
rashtaghate,rastaghat
rastar,rasta
rastay,rasta
rate,rat
rater,rat
ratke,rat
ratre,rat
rea,riya
rebest,best
rect,react
reke,rekhese
rekhaes,rekhese
rekhe,rekhese
rekheche,rekhese
rekhecilo,rekhese
rekhee,rekhese
rekom,rokom
religions,religion
reza,raja
rhakhe,rekhe
riad,raid
rikshawala,rickshawala
riqost,request
rkhla,rakhle
rkte,rklo
rkm,rokom
rohingya,rohinga
rohmot,rohomote
rohosso,rohossho
roilooooo,roilo
rokomery,rokom
rokkha,rokkha
rokkhay,rokkha
roktoh,rokto
romadan,ramadan
romjan,ramadan
rooom,room
roosting,roasting
rosa,roshalo
rosalo,roshalo
rosete,roshalo
rosh,roshalo
roshay,roshalo
rost,roast
rostar,roaster
rostered,roaster
rosting,roasting
rosy,roshi
roust,roast
roye,royese
royece,royese
rty,rat
ruche,ruchi
ruchite,ruchi
rucibodh,ruchi
runfree,run free
rust,roast
saathe,shathe
saav,shob
sab,shob
sabai,shobai
sabana,shabana
sabar,shobur
sabbirand,sabbir
sabdan,shabdhane
sabdhan,shabdhane
sabdhane,shabdhane
sac,sack
sada,shada
sadelina,sandelina
sadharon,shadharon
safuda,sefuda
sagoler,sagol
sagolra,sagol
sahajjo,shahajjo
sahajo,shahajjo
saharjer,shahajjo
saheb,shaheb
sahittik,shahittik
sahos,shahosh
sai,shei
saii,shei
saija,sheje
sajano,sheje
sajao,sheje
sajar,sheje
saje,sheje
sajer,sheje
sajiye,sheje
sajo,sheje
sajy,sheje
sajuguju,shajuguju
saka,seka
sakkhi,shakkhi
sala,shala
salader,shala
salae,shala
salai,shala
salar,shala
salara,shala
salare,shala
salarput,shala
salay,shala
sale,shala
sali,shali
salinota,shali
salir,shali
salira,shali
salire,shali
salta,salt
samage,savage
samaj,understand
samei,same
samir,shamir
samlao,shamlano
samn,shamne
samna,shamne
samne,shamne
samner,shamne
samni,shamne
samny,shamne
samoi,shomoy
samone,shamne
samoy,shomoy
sampo,shampoo
sampoo,shampoo
sampriti,shompriti
samprodayik,shamprodayik
sanay,shanai
sandals,sandal
sandu,gandu
sangbabik,shangbadik
sangbadik,shangbadik
sangbadikera,shangbadik
sangkhai,shongkhay
sani,saniliyon
sanilion,saniliyon
sankha,shongkha
sanny,sunny
santi,shanti
santity,shanti
santona,shantonna
saoar,shuwar
sap,shap
saper,shap
saraden,sharadin
saradin,sharadin
sarajibon,sharadin
sarakkhon,sharadin
sara,shara
sarale,sharle
sare,sharii
saree,sharii
sargery,surgery
sari,shari
sarie,shari
sarir,shari
saririk,sharirik
sarite,shari
saritei,shari
sarker,shorkar
sart,shirt
sarthe,shartho
sas,shashuri
sashkorbe,shash
sason,shashon
sasti,shasti
sastir,shasti
sat,saturday
satbar,seven
sate,shathe
satha,shathe
sathamanai,shathe
sathe,shathe
sathei,shathe
sather,shathe
sathey,shathe
sathy,shathe
satti,shotti
sawwa,shaua
saxi,sexy
saxy,sexy
sayta,six
sb,shob
sbai,shobai
sbsmy,shobshomoy
sby,shobai
scl,school
sclclg,school
seapnake,shopno
sebon,seaborn
seci,sasy
sedin,shedin
sefoda,sefuda
sefu,sefuda
sehetu,shehetu
sei,shei
seil,shei
seita,shei
seitai,shei
seito,shei
seje,sheje
sekane,shekhane
sekha,shekhane
sekhana,shekhane
sekhaneo,shekhane
sekhano,shekhano
sekho,shekhano
sela,chele
sele,chele
selera,chele
selo,silo
sendle,sandal
sera,chele
seri,meye
serokom,sheirokom
ses,shesh
seser,shesh
sesh,shesh
seshe,shesh
sesra,sechra
sesrar,sechra
sesta,ending
seta,sheta
setai,sheta
setar,sheta
sexey,sexy
sexi,sexy
sexiness,sexy
sexxy,sexy
sexyness,sexy
seyta,sheita
sha,shada
shaad,shada
shaakchunnir,shakchunni
shabtir,shobgula
shadin,shadhin
shai,shei
shaija,sheje
shajano,sheje
shakchunnir,shakchunni
shakiber,sakib
shakib,sakib
shalinota,shali
shalire,shali
shamla,shamlano
shamner,shamne
shamney,shamne
shana,sana
shanbadik,shangbadik
shantite,shanti
shantti,shanti
shapia,sofia
sharee,shari
sharia,shari
sharite,shari
shashi,shoshi
shata,shathe
shate,shathe
shateh,shathe
shathy,shathe
shaty,shathe
shaua,shaua
shauwa,shaua
shauwar,shaua
shawwa,shaua
shawwar,shaua
shawya,shaua
shazam,shaja
shb,shob
shbai,shobai
shck,sick
sheik,sheikh
sheke,shekha
sheken,shekha
shekh,shekha
shekhanei,shekha
shekho,shekha
shekso,shekha
shela,shala
shem,sham
shes,shesh
shese,shesh
sheshe,shesh
shetaaaa,sheta
shey,sheta
sheyta,sheta
shib,shiv
shika,shikar
shikh,shekha
shikha,shekha
shikhay,shekha
shikhayen,shekha
shiktam,shekha
shilpyra,shilpa
shirai,shiray
shirk,shark
shiroker,shirok
shissho,shishu
shiter,shit
shitkale,shitkal
shn,shon
shnti,shanti
shobchey,shobcheye
shobi,shob
shobti,shob
shobtin,shob
shod,shoddo
shodho,shoddo
shodo,shoddo
shoinikr,shoinik
shokole,shokol
shokuner,shokun
shomay,shomoy
shommor,shommo
shomoi,shomoy
shompriti,shompotti
shomvoboporad,shomvob
shomyamder,shomyamder
shonar,shona
shonay,shona
shondor,shundor
shongsher,shongshar
shonkha,shongkha
shor,shora
shore,shora
shoralei,shora
shorel,shorir
shoril,shorir
shorire,shorir
shorkarer,shorkar
shorker,shorkar
shot,shoot
shotik,shothik
shotoba,shotobar
shottikare,shotti
shotto,shotti
shoun,shon
shoundhorje,shoundorjo
shoure,shouro
shourer,shouro
shouwndorjo,shoundorjo
shoytaan,shoytan
shthe,shathe
shuar,shuwar
shuarer,shuwar
shubdor,shundor
shubeccha,shuveccha
shudu,shudhu
shuina,shune
shuinatao,shune
shuja,shoja
shukai,shukano
shuna,shona
shunai,shona
shunchee,shunese
shunchi,shunese
shundar,shundor
shundhor,shundor
shundori,shundor
shundri,shundor
shuney,shune
shunlam,shune
shunle,shune
shunoo,shune
shunte,shune
shushur,shoshur
shur,shuru
shutai,shutiye
shuworer,shuwar
shuyar,shuwar
sigaret,cigarette
sigiri,shiggiri
sikar,shikar
sikbe,shekha
sikhai,shekha
sikhbe,shekha
sikhe,shekha
sikho,shekha
sikhte,shekha
sikirom,kemon
sikisni,shrikrishno
sikka,shikkha
sikkha,shikkha
sikkhar,shikkha
sikla,shikhle
sikpo,shekha
sikse,shekha
silai,sila
silay,sila
silo,sila
siloshob,sila
sima,shima
singler,singer
sins,sin
sirbaaabaaler,baler sir
sirius,serious
sirnews,sir news
sis,sister
sistar,sister
sisu,shishu
sitkale,sheetkal
smarttaily,smartly
sms,message
smy,shomoy
smykoto,shomoy
sob,shob
sobab,shovab
sobai,shobai
sobaik,shobai
sobaika,shobai
sobaike,shobai
sobair,shobai
sobaire,shobai
sobar,shobai
sobartadr,shobai
sobartara,shobai
sobay,shobai
sobb,shob
sobce,shobcheye
sobchay,shobcheye
sobcheye,shobcheye
sobdo,shobdo
sober,shobar
sobey,shobai
sobgola,shobgula
sobgula,shobgula
sobhab,shovab
sobie,shob
sobji,shobji
sobkisui,shobkisu
sobmob,shomvob
sobr,shobar
sobsomy,shobshomoy
sobsomoy,shobshomoy
sobur,shobur
socheton,shocheton
soceton,shocheton
sodanir,chudani
sodano,chudani
sodau,chudani
sodeeeeo,chudani
sodera,chodera
sodik,shothik
sodmaranir,chodmarani
sodo,soto
sodor,sadar
sodorghat,sadarghat
sodrabe,shodhrabe
sofia,sufia
sofol,shofoltola
sofolota,shofoltola
sohan,shohan
soho,shoho
sohokari,shohokar
sohomot,shohomot
sohorer,shohor
soibal,shoibal
soibe,shoibe
soina,shune
soitan,shoytan
soitani,shoytan
soja,shoja
soji,shoja
sojjo,shojjo
sojog,shujog
sok,shokh
sokal,shokal
sokaler,shokal
sokh,shokh
sokol,shokol
sokoler,shokol
sokto,shokto
sollution,solution
somadhan,shomadhan
somai,shomoy
somaj,shomaj
somalochona,shomalochona
somal,shomalochona
somalosona,shomalochona
soman,shoman
somay,shomoy
sombob,shomvob
somikoron,shomikoron
somman,shomman
sommhuk,shommuk
sommoi,shomoy
somoi,shomoy
somokami,shomokami
somosha,shomoshsha
somossa,shomoshsha
somossha,shomoshsha
somosshar,shomoshsha
somossher,shomoshsha
somosto,shomosto
somoy,shomoy
somoyar,shomoy
somoyer,shomoy
sompiti,shompriti
sompritir,shompriti
somprtir,shompriti
somprtisorkar,shompriti
somporke,shomporko
somporkha,shomporko
somporko,shomporko
somvob,shomvob
sona,shona
sonabi,shona
sonago,shona
sonapurer,shona
sonar,shona
sonata,shona
sonce,shunse
sondhor,shundor
sondor,shundor
sondur,shundor
sondhya,shondha
sone,shune
songe,shonge
songi,shongi
songkha,shongkha
songkito,shongkhipto
songsar,shongshar
sonkha,shongkha
sonlei,shunle
sonnat,sunnat
sono,shuno
sontan,shontan
sontras,shontrash
sontrash,shontrash
soob,shob
sopari,supari
sopne,shopno
sopno,shopno
sor,shorano
sora,shorano
sorale,shorano
sorasori,shorashhori
sori,sorry
soril,shorir
sorir,shorir
sorirchati,shorir
sorisa,shorisha
sorisar,shorisha
sorkar,sarkar
sorkarer,sarkar
sorom,shorom
sory,sorry
sosta,shosta
sosur,shoshur
sothik,shothik
soti,shotti
sotii,shotti
sotte,shotti
sottei,shotti
sotti,shotti
sottikarer,shotti
sottyi,shotti
sotki,shokti
sotmarani,chutmarani
souyma,soumya
sovapoti,shovapoti
soyong,shoyong
soytan,shoytan
soytaner,shoytan
soytani,shoytan
soytannir,shoytan
speaking,speak
spni,spin
sponser,sponsor
srch,search
sristikortake,shrishtikorta
sristy,shrishti
srom,shorom
sry,sorry
srys,sorry
sthe,shathe
sthea,shathe
stik,stick
ston,stone
str,star
stri,stree
strt,start
sub,subject
subeccha,shubheccha
subidhar,shubidha
sud,shud
sudai,sudani
sudani,sudani
sudanir,sudani
sudas,sudani
sudbane,shabdhane
sudhere,shudhre
sudhu,shudhu
sudor,sadar
sudu,shudhu
suger,sugar
sugok,shujog
suhdhu,shudhu
sui,shui
suina,shune
sujog,shujog
sujug,shujog
sukale,shokal
sukna,shukna
sukno,shukna
sukriya,shukriya
sula,shala
suna,shona
sunar,shona
sunatedebi,sunnat
sunay,shonay
sundar,shundor
sunddori,shundor
sundor,shundor
sundorer,shundor
sundori,shundor
sundorjahannamer,shundor
sundorjo,shundor
sundorsundor,shundor
sundr,shundor
sunduri,shundor
sune,shuno
sunechi,shuno
suneer,shuno
sunen,shuno
sunenen,shuno
suno,shuno
sunta,shuno
sunte,shuno
sungluss,sunglass
sungondo,shugondho
sunlam,shunlam
surar,sura
suro,shoro
surokha,shurokkha
suru,shuru
surut,shuru
sustho,shustho
susto,shustho
sutmaranir,chutmarani
suwor,shuwar
sweets,sweet
sx,sex
sylheti,sylhet
sytane,shoytan
zoubon,joubon
zoubonota,joubon
zubon,joubon
jorabi,zordabi
zokhn,jokhon
zim,gym
zetei,jetei
ze,je
zay,jay
zamanay,jamanay
zahanname,jahanname
zader,jader
yuummy,yummy
yr,year
yrs,year
ye,year
yea,year
yogi,yoga
yajibon,ajibon
xundor,sundor
xundr,sundor
xoss,xoss
xoxs,xoss
xm,examination
xader,jader
wstern,wstern
winter,winter
writer,writer
wrapping,wrapping
wowki,wow
wowwww,wow
worst,worst
worlds,world
worledjaihok,world
word,word
wonderland,wonder
woman,woman
with,with
without,without
wish,wish
winner,winner
win,win
wife,wife
who,who
why,why
wicket,wicket
waal,well
wala,well
wait,wait
wall,wall
want,want
warnar,warner
warner,warner
warning,warning
wash,wash
way,way
we,we
weakness,weakness
weight,weight
vidio,video
vido,video
views,view
videota,video ta
vija,veja
vijay,veja
vije,veja
vitore,vitor
vlobase,valobasi
vlobasha,valobasi
vll,valo
vlo,valo
vloi,valo
vloj,valo
vloy,valo
vut,vut
vuter,vut
vul,vule
vula,vule
vulben,vule
vule,vule
vuleo,vule
vuleye,vule
vondami,vondo
vondho,vondo
vondo,vondo
voia,voice
voice,voice
mojar,mojar
sottiiii,sotti
onk,onek
chilo,chilo
shob,sob
age,age
valo,valo
salman,salman
to,to
bishoy,bishoy
ki,ki
shathe,sathe
ta,ta
er,er
korte,korte
hoy,hoy
viveo,vabeo
faltu,faltu
chomok,chomok
eytar,eitar
kew,keu
j,j
ase,ache
a,a
janen,janen
ulala,ulala
bikale,bikale
korto,korto
pacchi,pacchi
pochondo,pochondo
theke,theke
choto,choto
thekei,thekei
protita,protita
der,der
aj,aj
k,ke
r,ar
eto,eto
dhan,dhan
jokhon,jokhon
kothai,kothai
ami,ami
bhaiya,vaiya
holo,holo
ekta,ekta
oder,oder
apni,apni
kichu,kichu
bidhoba,bidhoba
geyechilen,giyechilen
assalamu,assalamu
apnak,apnake
amar,amar
suru,shuru
kono,kono
moto,moto
gan,gann
onek,onek
nijer,nijer
hoise,hoiche
alaikumami,alaikum
manush,manush
jayekhon,jay ekhon
apnar,ekhon
mone,mone
tokhon,tokhon
meye,meye
rakhchenr,rakhchen
ekhon,ekhon
biye,biye
hothat,hothat
karo,karo
khete,khetre
kore,kore
dekhechilamapni,dekhchilam apni
natok,natok
shundor,shundor
bedhe,vabe
vishon,vishon
amk,amake
o,o
rekhechiloapnara,rekhechilo apnara
koriekdom,kore ekdom
korenta,koren ta
dhoroner,dhoroner
mara,mara
chilam,chilam
kheyal,kheyal
dekhe,dekhe
vaiyaaaa,vaiya
dkhchen,dekhchen
mash,mas
e,e
hasina,hasina
bow,bou
sotti,sotti
comok,chomok
mukadir,muktadir
ra,ra
feriolar,feriwalar
bhai,vai
sheta,seita
amr,amar
tar,tar
salmaner,salmaner
kortam,kortam
lagto,lagto
prochur,procur
ghote,ghote
jare,jare
shobai,sobai
dilen,dilen
moddhe,moddhe
jachai,jachai
shomman,sonman
karon,karon
mathay,mathay
kora,kora
amare,amare
ejonnoi,ejonnoi
hate,hate
dekha,dekha
ekai,ekai
nito,nito
vitor,vitor
banaya,banaye
re,re
upor,upor
na,na
boli,boli
korlen,korlen
ajke,ajke
moja,moja
din,din
manobotar,manobotar
jaderke,zaderke
polatok,polatok
manusher,manusher
tara,tara
desh,desh
ar,ar
kase,kache
jeta,zeita
abr,abar
kro,karo
paba,paba
dewa,dewa
bolekmne,bole kemne
thakennai,thaken nai
dewya,dewa
janai,janai
tkhn,tokhon
oi,oi
tmr,tomar
dibe,dibe
nai,nai
vat,vat
pase,pashe
jon,jon
upekkka,upekkha
,
bijoy,bijoy
chatrojonota,chatro jonota
dine,dine
dekhlen,dekhlen
vhaike,vaike
nay,nai
mate,mathe
aslen,aslen
bibek,bibek
,
apnader,apnader
natokgula,natokgulo
khub,khub
knojokhn,jokhon
korchen,korchen
ettttodin,etodin
dur,dur
prosroy,prosroy
jagroto,jagroto
dekhlam,dekhlam
dekhtam,dekhtam
porenkintu,poren kintu
hoynai,hoy nai
sonnnnnikote,sonnikote
atka,ekta
,
piyush,piyush
kno,keno
den,den
ka,ke
boilen,boliyen
assalamualikumare,assalamualaikum
korbo,korbo
janbo,janbo
je,je
ajk,ajke
,
bujtechen,bujhtesen
,
chinta,chinta
oto,oita
allah,allah
pailam,pailam
,
,
kotha,kotha
kortechi,kortechi
ba,ba
amra,amra
,
niye,niye
diyen,diyen
onurod,onurodh
,
ekjon,ekjon
hisebe,hisebe
boro,boro
poren,poren
modde,moddhe
andolon,andolon
bangladesh,Bangladesh
kota,kotha
,
,
,
,
,
,
,
,
,
bangladeshi,bangladeshi
salmon,salman
,
bangla,Bangla
,
,
aoamilig,awami league
,
,
,
ochit,uchit
,
asa,ache
,
,
,
,
,
sai,sei
,
bimol,bimol
,
,
,
ei,ei
,
hoye,hoye
gelam,gelam
,
,
,
rifat,rifat
ratul,ratul
,
,
,
,
,
,
,
,
,
,
,
,
,
,
ashichna,asish na
prothom,prothom
vari,vari
ho,ha
,
,
,
,
,
,
,
,
hahaha,haha
,
,
,
india,India
,
,
keno,keno
korsilam,korchilam
,
porjonto,porjonto
sesh,sesh
u,u
guru,guru
,
narayanangonj,narayangonj
palestine,Palestine
,
biyer,biye
natoker,natok
torulotar,torulotar
porer,pore
,
eta,eta
firbe,firbe
inshaallah,inshaAllah
,
kori,kori
,
mul,mul
noster,noshter
gora,gora
,
obhodro,aboddho
,
,
,
,
,
,
,
,
,
,
kharap,kharap
,
kaaj,kaj
koruk,koruk
maaf,maf
,
hayre,hayre
muqtadir,muqtadir
,
krlei,korlei
kintu,kintu
,
,
,
bangladesher,Bangladesher
,
debe,dibe
kame,kemne
ayhay,ayhay
,
,
,
,
ohhh,oh
,
,
,
,
,
,
,
,
baccha,baccha
bandir,bandir
kukur,kukur
,
,
,
,
,
,
,
vaiya,vaiya
,
dan,den
,
,
,
,
,
tomar,tomar
deoar,deoya
korba,kora
,
chesta,chesta
banaio,banano
ke,ke
nia,niye
bou,bou
,
,
,
bhalo,valo
,
,
tah,tah
,
,
,
,
,
,
,
,
pabo,pabo
,
,
,
amn,emon
,
,
,
kolkata,kolkata
,
,
,
,
,
,
,
,
,
bosor,bosor
,
dai,dey
pore,pore
tao,ta
abar,abar
,
,
,
,
,
,
,
,
baiyaa,vaiya
,
,
ryan,ryan
,
,
porse,porche
,
takar,takar
ovab,ovab
geche,geche
deri,deri
ahhahahahah,aha
por,por
,
,
,
,
,
,
,
boyoshko,boyoshko
lagche,lagche
iktu,ektu
chai,cai
singapore,singapore
ha,ha
,
,
,
kn,keno
,
,
korar,korar
,
,
,
,
,
,
,
,
,
,
,
,
hoilo,hoilo
upokar,upokar
jonno,jonno
,
,
vabi,vabi
ditase,diteche
ador,ador
apu,apu
,
moni,moni
pori,pori
,
,
,
chamak,chamak
,
,
,
houwar,howar
deyar,deyar
kri,kori
,
purono,puranO
koiren,koriyen
,
ektu,ektu
,
beshi,beshI
apnr,apnar
,
,
hoile,hoile
pura,puro
,
apnake,apnake
,
hoileo,hoileo
sei,sei
,
chalai,calai
dek,dekh
banaben,banaben
hobe,hobe
,
kolponao,kolpona
esob,eisob
bhabchilam,vabchilam
,
isssss,iss
,
bhi,vai
boluk,boluk
jai,zai
,
,
bolo,bolo
,
,
dekhte,deka
sadat,sadat
,
,
,
,
,
,
silo,chilo
,
bondhuder,bondhu
,
gese,geche
bhore,vore
oida,oita
diya,diye
,
,
ajaira,ajaira
anek,onek
acchaeita,accha eita
oh,oh
mirpur,mirpur
asbe,ashbe
naki,naki
etay,etai
notun,notun
,
koi,koi
,
tumi,tumi
vhai,vai
,
dalal,dalal
,
manus,manus
melay,melay
sobai,sobai
mondo,mondo
afridi,Afridi
tui,tui
amader,amader
inshallah,InshaAllah
vhaiya,vaiya
bujhby,bujhaye
tmk,tomake
somoi,somoy
chaiby,caibe
sob,sob
koro,koro
gecke,geche
halay,halay
asan,asen
khotai,kothay
apnka,apnake
,
vai,vai
,
kub,khub
geda,gadha
kanna,kanna
mor,mor
hashi,hasi
kone,kone
pasce,pacche
hara,harar
somoy,somoy
krso,korcho
andoloner,andoloner
somonnoyok,somonnoyok
ekn,ekhon
koira,koriye
khomotay,khomotay
bosche,bosche
khomota,khomotay
,
vlo,valo
lovi,lovi
kobe,kobe
diba,diba
vaia,vaiya
asci,aschi
sunte,shunte
,
,
asen,asen
,
,
chara,chara
kinto,kintu
,
,
jantam,jantam
khup,khub
chaccho,cachao
asho,aso
priyo,priyo
korche,korche
oppekha,opekkha
,
bangir,bangir
kire,kire
nati,nati
,
suni,shuni
,
,
pola,pola
hasinar,hasinar
shala,shala
rakib,rakib
hossen,hossen
palaichilo,palaichilo
charos,charis
janoar,janoar
kisu,kichu
toi,tui
bachay,bacai
akhon,ekhon
,
bacha,baca
shomoy,somoy
paris,paris
,
,
,
,
,
koren,koren
sobi,sobai
,
,
,
,
,
,
illallahu,illallahu
,
,
jannatul,jannatul
asila,achila
,
,
,
,
islam,islam
,
rasulullah,rasulullah
jinn,jinn
,
,
kalima,kalima
firdaus,firdaus
ilaha,ilaha
,
,
,
,
,
,
,
taala,taala
,
,
,
,
amen,ameen
tawheed,tawheed
najaat,najjat
la,la
,
muhammadur,muhammadur
,
,
,
,
,
,
,
,
,
,
,
,
protibondi,protibondhi
,
koros,koris
sala,shala
arr,ar
thakle,thakle
banais,banaichis
logga,lojja
,
,
,
khoniker,khoniker
des,desh
,
,
zia,zia
shuru,shuru
tor,tor
parbi,parbi
baap,baap
tarek,tarek
,
,
de,de
,
ekhn,ekhon
,
,
palaise,palaiche
batpare,batpar
hala,hala
batper,batpar
,
sbi,sob
koro,koro
krte,korte
moton,moton
,
ore,ore
pre,pore
vbe,vabe
koran,koran
taka,taka
lav,lav
mon,mon
,
tr,tor
,
,
banaiso,banaicho
acha,ache
akdom,ekdom
dibo,dibo
ashben,asben
sokriyo,sokriyo
nirlojjer,nirlojjer
nahole,nahole
khaye,kheye
,
,
thakisrip,thakis
upore,upore
bisha,bose
amder,amader
seikh,seikh
apnaka,apnake
beymani,beymanI
hoba,hobe
sthe,sathe
ashba,asbe
birer,bahirer
feria,feria
,
arb,abar
,
,
rajakar,rajakar
unar,unar
m,m
,
,
khuni,khuni
,
,
chapri,chapri
,
gali,gali
,
naa,na
,
dekte,dekhte
vaiiiyaaaa,vaiya
tomer,tomar
,
,
,
mar,mar
amer,amar
panir,panir
bonnay,bonnay
deka,dekha
rokter,rokter
tmke,tomake
uddin,uddin
haun,harun
geli,geli
,
sathe,sathe
chili,chilo
santi,shanti
pabinare,pabinare
khanei,khanei
jas,zas
afrirdi,afridi
,
,
mare,mare
,
mama,mama
seraaaa,sera
,
,
di,de
ferot,ferot
faltuu,faltu
sundor,sundor
hoyese,hoyeche
saiiiiiiiiiiiiiiiiiiiii,sei
votka,votka
dol,dol
protibondhi,protibondhi
rahi,rahi
,
,
acca,accha
kicu,kichu
ak,ek
opokar,upokar
bole,bole
ace,ache
se,se
korce,korche
asole,asole
hole,hole
oni,uni
painai,pai nai
thake,thake
jodde,jodi
namlo,namlo
jara,jara
korena,korena
judde,jodi
akta,ekta
dekhan,dekhan
bolte,bolte
ai,ei
nije,nije
paren,pare
bolcen,bolchen
namcen,namchen
dhandabaaz,dhandabaj
vuaa,vua
tader,tader
era,era
guli,guli
haat,haat
tomader,tomader
jatiyosangeed,jatiyo songit
ghurche,ghurche
proteek,prottek
dara,dara
banano,banano
chorano,chorano
korbe,korbe
tarfole,tarfole
bhanga,bhanga
,
dekhate,dekhate
chere,cheRE
chaiche,caiche
hochche,hocche
sudhu,shudhu
mujibur,mujibur
provakarsengupta,Prabhakar Sengupta
ader,eder
armi,armi
ache,ache
bachate,bacate
,
naw,naw
tarpor,tarpor
hoyar,howar
murti,murti
hoyeche,hoyeche
ata,eta
,
rahman,rahman
jamate,jamate
gulo,gulo
kattarpanti,kottorponthi
parle,parle
bachiye,baciye
pashe,pashe
besi,besi
tripura,tripura
mereche,mereche
,
lokkho,lokkho
,
,
pakistan,pakistan
tarpore,tarpore
,
noi,noi
,
oneke,oneke
,
jamati,jamati
erai,erai
erpor,erpor
chaliye,caliye
india,india
,
soto,choto
moira,moira
ja,za
eksathe,eksathe
rafsan,rafsan
,
dey,dey
,
,
pa,pa
kooooo,ko
,
,
,
,
,
,
,
bhalor,bhalor
bhab,bhab
dekhae,dekhay
,
satha,sathe
dhakha,dekha
icca,iccha
marbi,marbi
dekhanor,dekhan
,
bkash,bkash
,
kortasos,korteche
,
sodanir,cudani
poya,pua
manuser,manus
,
ken,keno
korsos,korchos
,
,
,
,
,
,
,
,
,
chor,cor
razakar,razakar
dis,dich
cutmarani,cutmarani
,
,
bengali,bengali
,
,
obosshoi,oboshooi
eshe,eshe
idaning,idaning
kortese,korteche
heroinchi,heroinchi
tai,tai
gheu,gheu
eigular,eigular
gula,gulo
tobe,tobe
,
thik,thik
eder,edar
kothay,kothay
kichui,kichui
afiridir,af
joggota,zoggojta
baje,baje
aje,ajee
ebong,ebong
bonnai,bonna
jodda,jodi
,
bonnar,bonnar
keo,keu
korben,korben
kortase,korche
,
deshpremik,deshpremik
dao,deo
thako,thako
alaikum,alaikum
,
shei,sei
agiye,egiye
jan,Zan
bai,vai
kiry,kire
vloi,valoi
,
akn,ekhon
rhksos,rakho
kre,kire
tura,tora
,
,
,
,
,
korun,korun
janowar,janoyar
hizray,hijray
lukayse,lukayche
,
hok,hok
tore,tore
,
korcilam,korchilam
khet,kket
purai,purai
kankir,khankir
chele,chele
aita,eita
ashche,asche
kortesen,kortechen
,
,
,
oporadh,oporadh
toh,to
knoatar,keno etar
dite,dite
,
aro,aro
dicce,dicche
jarog,jaroj
,
,
marattok,marattok
bujtesi,bujhtechi
,
,
,
shubidabadhi,subidhabadI
awami,Awami
,
,
,
,
,
,
,
,
ahn,ekhon
polaye,poLaye
aye,aye
asos,achos
,
papir,papir
pap,pap
baghidar,vagidar
hoiyen,
,
codar,cudar
naii,nai
toe,to
asbina,asbina
hoiche,hoiche
bonna,bonna
rokto,rokto
bepare,bepare
,
rajniti,rajniti
gulate,gulote
gorom,gorom
bujlam,bujhlam
vaider,vaider
martechen,martechen
niya,niya
,
kaw,kew
thak,thak
polaiya,polaiya
dimu,dimu
,
gwadiya,gouya diya
vhoira,vhoira
,
,
nh,nah
kor,kor
tre,tore
chokhey,cokhe
ecca,iccha
suor,shuor
toie,tui
bilie,biliye
bahaia,behaiya
khankirpola,khankir pola
vua,vua
lagboni,lagboni
pula,pola
gariar,garir
ere,ere
kmne,kemne
lojja,lojja
,
,
cudmaranir,cudmaranir
,
chudir,cudir
sona,sona
babar,babar
tuntuni,tuntuni
,
cur,cor
vaiatmk,vaiya tomake
akhn,ekhon
hlar,hala
pu,po
hla,hala
polare,pola
apnara,apne
pithaben,pitano
kotao,kothao
pele,pele
nodir,nodi
akorson,akorson
onno,onno
aidare,eitare
sobar,sobar
korsi,korchi
ulongo,ulongo
dristi,dristi
asha,asha
opor,upor
akon,ekhon
sudu,shudu
,
,
,
dak,dak
bessar,bessar
beta,beta
jedin,jedin
theika,thaika
pidamu,pitamu
parina,parina
lengta,lengta
bacchaaa,baccha
uidin,oidin
pamu,pamu
rastay,rastay
bela,bela
bon,bon
dia,diya
,
salay,shalay
korse,korche
,
teko,toke
jokon,jokhon
tako,take
,
akjon,ekjon
junayed,junayed
siki,shikhi
valobsha,valobasa
obiram,obiram
jekan,jekhan
takbe,thakvbe
amo,amio
khan,khan
duya,dua
banaitase,banaiteche
jaii,jai
tokon,tokhon
sera,sera
dici,dechi
acilo,ache
